USE Grupo1_BancoUCR;
GO

-- =============================================
-- INSERTS PARA PROVINCIA, CANTON Y DISTRITO
-- Sin acentos ni caracteres especiales
-- =============================================

--- PROVINCIAS ---

INSERT INTO [dbo].[Provincia] ([C_id_provincia], [D_nombre], [N_peso_riesgo]) VALUES (1, 'San Jose', 0);
INSERT INTO [dbo].[Provincia] ([C_id_provincia], [D_nombre], [N_peso_riesgo]) VALUES (2, 'Alajuela', 0);
INSERT INTO [dbo].[Provincia] ([C_id_provincia], [D_nombre], [N_peso_riesgo]) VALUES (3, 'Cartago', 0);
INSERT INTO [dbo].[Provincia] ([C_id_provincia], [D_nombre], [N_peso_riesgo]) VALUES (4, 'Heredia', 0);
INSERT INTO [dbo].[Provincia] ([C_id_provincia], [D_nombre], [N_peso_riesgo]) VALUES (5, 'Guanacaste', 0);
INSERT INTO [dbo].[Provincia] ([C_id_provincia], [D_nombre], [N_peso_riesgo]) VALUES (6, 'Puntarenas', 0);
INSERT INTO [dbo].[Provincia] ([C_id_provincia], [D_nombre], [N_peso_riesgo]) VALUES (7, 'Limon', 0);

GO

--- CANTONES ---

INSERT INTO [dbo].[Canton] ([C_id_canton], [D_nombre], [C_id_provincia], [N_peso_riesgo]) VALUES (101, 'Central', 1, 0);
INSERT INTO [dbo].[Canton] ([C_id_canton], [D_nombre], [C_id_provincia], [N_peso_riesgo]) VALUES (102, 'Escazu', 1, 0);
INSERT INTO [dbo].[Canton] ([C_id_canton], [D_nombre], [C_id_provincia], [N_peso_riesgo]) VALUES (103, 'Desamparados', 1, 0);
INSERT INTO [dbo].[Canton] ([C_id_canton], [D_nombre], [C_id_provincia], [N_peso_riesgo]) VALUES (104, 'Puriscal', 1, 0);
INSERT INTO [dbo].[Canton] ([C_id_canton], [D_nombre], [C_id_provincia], [N_peso_riesgo]) VALUES (105, 'Tarrazu', 1, 0);
INSERT INTO [dbo].[Canton] ([C_id_canton], [D_nombre], [C_id_provincia], [N_peso_riesgo]) VALUES (106, 'Aserri', 1, 0);
INSERT INTO [dbo].[Canton] ([C_id_canton], [D_nombre], [C_id_provincia], [N_peso_riesgo]) VALUES (107, 'Mora', 1, 0);
INSERT INTO [dbo].[Canton] ([C_id_canton], [D_nombre], [C_id_provincia], [N_peso_riesgo]) VALUES (108, 'Goicoechea', 1, 0);
INSERT INTO [dbo].[Canton] ([C_id_canton], [D_nombre], [C_id_provincia], [N_peso_riesgo]) VALUES (109, 'Santa Ana', 1, 0);
INSERT INTO [dbo].[Canton] ([C_id_canton], [D_nombre], [C_id_provincia], [N_peso_riesgo]) VALUES (110, 'Alajuelita', 1, 0);
INSERT INTO [dbo].[Canton] ([C_id_canton], [D_nombre], [C_id_provincia], [N_peso_riesgo]) VALUES (111, 'Vazquez De Coronado', 1, 0);
INSERT INTO [dbo].[Canton] ([C_id_canton], [D_nombre], [C_id_provincia], [N_peso_riesgo]) VALUES (112, 'Acosta', 1, 0);
INSERT INTO [dbo].[Canton] ([C_id_canton], [D_nombre], [C_id_provincia], [N_peso_riesgo]) VALUES (113, 'Tibas', 1, 0);
INSERT INTO [dbo].[Canton] ([C_id_canton], [D_nombre], [C_id_provincia], [N_peso_riesgo]) VALUES (114, 'Moravia', 1, 0);
INSERT INTO [dbo].[Canton] ([C_id_canton], [D_nombre], [C_id_provincia], [N_peso_riesgo]) VALUES (115, 'Montes De Oca', 1, 0);
INSERT INTO [dbo].[Canton] ([C_id_canton], [D_nombre], [C_id_provincia], [N_peso_riesgo]) VALUES (116, 'Turrubares', 1, 0);
INSERT INTO [dbo].[Canton] ([C_id_canton], [D_nombre], [C_id_provincia], [N_peso_riesgo]) VALUES (117, 'Dota', 1, 0);
INSERT INTO [dbo].[Canton] ([C_id_canton], [D_nombre], [C_id_provincia], [N_peso_riesgo]) VALUES (118, 'Curridabat', 1, 0);
INSERT INTO [dbo].[Canton] ([C_id_canton], [D_nombre], [C_id_provincia], [N_peso_riesgo]) VALUES (119, 'Perez Zeledon', 1, 0);
INSERT INTO [dbo].[Canton] ([C_id_canton], [D_nombre], [C_id_provincia], [N_peso_riesgo]) VALUES (120, 'Leon Cortes Castro', 1, 0);
INSERT INTO [dbo].[Canton] ([C_id_canton], [D_nombre], [C_id_provincia], [N_peso_riesgo]) VALUES (201, 'Central', 2, 0);
INSERT INTO [dbo].[Canton] ([C_id_canton], [D_nombre], [C_id_provincia], [N_peso_riesgo]) VALUES (202, 'San Ramon', 2, 0);
INSERT INTO [dbo].[Canton] ([C_id_canton], [D_nombre], [C_id_provincia], [N_peso_riesgo]) VALUES (203, 'Grecia', 2, 0);
INSERT INTO [dbo].[Canton] ([C_id_canton], [D_nombre], [C_id_provincia], [N_peso_riesgo]) VALUES (204, 'San Mateo', 2, 0);
INSERT INTO [dbo].[Canton] ([C_id_canton], [D_nombre], [C_id_provincia], [N_peso_riesgo]) VALUES (205, 'Atenas', 2, 0);
INSERT INTO [dbo].[Canton] ([C_id_canton], [D_nombre], [C_id_provincia], [N_peso_riesgo]) VALUES (206, 'Naranjo', 2, 0);
INSERT INTO [dbo].[Canton] ([C_id_canton], [D_nombre], [C_id_provincia], [N_peso_riesgo]) VALUES (207, 'Palmares', 2, 0);
INSERT INTO [dbo].[Canton] ([C_id_canton], [D_nombre], [C_id_provincia], [N_peso_riesgo]) VALUES (208, 'Poas', 2, 0);
INSERT INTO [dbo].[Canton] ([C_id_canton], [D_nombre], [C_id_provincia], [N_peso_riesgo]) VALUES (209, 'Orotina', 2, 0);
INSERT INTO [dbo].[Canton] ([C_id_canton], [D_nombre], [C_id_provincia], [N_peso_riesgo]) VALUES (210, 'San Carlos', 2, 0);
INSERT INTO [dbo].[Canton] ([C_id_canton], [D_nombre], [C_id_provincia], [N_peso_riesgo]) VALUES (211, 'Zarcero', 2, 0);
INSERT INTO [dbo].[Canton] ([C_id_canton], [D_nombre], [C_id_provincia], [N_peso_riesgo]) VALUES (212, 'Sarchi', 2, 0);
INSERT INTO [dbo].[Canton] ([C_id_canton], [D_nombre], [C_id_provincia], [N_peso_riesgo]) VALUES (213, 'Upala', 2, 0);
INSERT INTO [dbo].[Canton] ([C_id_canton], [D_nombre], [C_id_provincia], [N_peso_riesgo]) VALUES (214, 'Los Chiles', 2, 0);
INSERT INTO [dbo].[Canton] ([C_id_canton], [D_nombre], [C_id_provincia], [N_peso_riesgo]) VALUES (215, 'Guatuso', 2, 0);
INSERT INTO [dbo].[Canton] ([C_id_canton], [D_nombre], [C_id_provincia], [N_peso_riesgo]) VALUES (216, 'Rio Cuarto', 2, 0);
INSERT INTO [dbo].[Canton] ([C_id_canton], [D_nombre], [C_id_provincia], [N_peso_riesgo]) VALUES (301, 'Central', 3, 0);
INSERT INTO [dbo].[Canton] ([C_id_canton], [D_nombre], [C_id_provincia], [N_peso_riesgo]) VALUES (302, 'Paraiso', 3, 0);
INSERT INTO [dbo].[Canton] ([C_id_canton], [D_nombre], [C_id_provincia], [N_peso_riesgo]) VALUES (303, 'La Union', 3, 0);
INSERT INTO [dbo].[Canton] ([C_id_canton], [D_nombre], [C_id_provincia], [N_peso_riesgo]) VALUES (304, 'Jimenez', 3, 0);
INSERT INTO [dbo].[Canton] ([C_id_canton], [D_nombre], [C_id_provincia], [N_peso_riesgo]) VALUES (305, 'Turrialba', 3, 0);
INSERT INTO [dbo].[Canton] ([C_id_canton], [D_nombre], [C_id_provincia], [N_peso_riesgo]) VALUES (306, 'Alvarado', 3, 0);
INSERT INTO [dbo].[Canton] ([C_id_canton], [D_nombre], [C_id_provincia], [N_peso_riesgo]) VALUES (307, 'Oreamuno', 3, 0);
INSERT INTO [dbo].[Canton] ([C_id_canton], [D_nombre], [C_id_provincia], [N_peso_riesgo]) VALUES (308, 'El Guarco', 3, 0);
INSERT INTO [dbo].[Canton] ([C_id_canton], [D_nombre], [C_id_provincia], [N_peso_riesgo]) VALUES (401, 'Central', 4, 0);
INSERT INTO [dbo].[Canton] ([C_id_canton], [D_nombre], [C_id_provincia], [N_peso_riesgo]) VALUES (402, 'Barva', 4, 0);
INSERT INTO [dbo].[Canton] ([C_id_canton], [D_nombre], [C_id_provincia], [N_peso_riesgo]) VALUES (403, 'Santo Domingo', 4, 0);
INSERT INTO [dbo].[Canton] ([C_id_canton], [D_nombre], [C_id_provincia], [N_peso_riesgo]) VALUES (404, 'Santa Barbara', 4, 0);
INSERT INTO [dbo].[Canton] ([C_id_canton], [D_nombre], [C_id_provincia], [N_peso_riesgo]) VALUES (405, 'San Rafael', 4, 0);
INSERT INTO [dbo].[Canton] ([C_id_canton], [D_nombre], [C_id_provincia], [N_peso_riesgo]) VALUES (406, 'San Isidro', 4, 0);
INSERT INTO [dbo].[Canton] ([C_id_canton], [D_nombre], [C_id_provincia], [N_peso_riesgo]) VALUES (407, 'Belen', 4, 0);
INSERT INTO [dbo].[Canton] ([C_id_canton], [D_nombre], [C_id_provincia], [N_peso_riesgo]) VALUES (408, 'Flores', 4, 0);
INSERT INTO [dbo].[Canton] ([C_id_canton], [D_nombre], [C_id_provincia], [N_peso_riesgo]) VALUES (409, 'San Pablo', 4, 0);
INSERT INTO [dbo].[Canton] ([C_id_canton], [D_nombre], [C_id_provincia], [N_peso_riesgo]) VALUES (410, 'Sarapiqui', 4, 0);
INSERT INTO [dbo].[Canton] ([C_id_canton], [D_nombre], [C_id_provincia], [N_peso_riesgo]) VALUES (501, 'Liberia', 5, 0);
INSERT INTO [dbo].[Canton] ([C_id_canton], [D_nombre], [C_id_provincia], [N_peso_riesgo]) VALUES (502, 'Nicoya', 5, 0);
INSERT INTO [dbo].[Canton] ([C_id_canton], [D_nombre], [C_id_provincia], [N_peso_riesgo]) VALUES (503, 'Santa Cruz', 5, 0);
INSERT INTO [dbo].[Canton] ([C_id_canton], [D_nombre], [C_id_provincia], [N_peso_riesgo]) VALUES (504, 'Bagaces', 5, 0);
INSERT INTO [dbo].[Canton] ([C_id_canton], [D_nombre], [C_id_provincia], [N_peso_riesgo]) VALUES (505, 'Carrillo', 5, 0);
INSERT INTO [dbo].[Canton] ([C_id_canton], [D_nombre], [C_id_provincia], [N_peso_riesgo]) VALUES (506, 'Canas', 5, 0);
INSERT INTO [dbo].[Canton] ([C_id_canton], [D_nombre], [C_id_provincia], [N_peso_riesgo]) VALUES (507, 'Abangares', 5, 0);
INSERT INTO [dbo].[Canton] ([C_id_canton], [D_nombre], [C_id_provincia], [N_peso_riesgo]) VALUES (508, 'Tilaran', 5, 0);
INSERT INTO [dbo].[Canton] ([C_id_canton], [D_nombre], [C_id_provincia], [N_peso_riesgo]) VALUES (509, 'Nandayure', 5, 0);
INSERT INTO [dbo].[Canton] ([C_id_canton], [D_nombre], [C_id_provincia], [N_peso_riesgo]) VALUES (510, 'La Cruz', 5, 0);
INSERT INTO [dbo].[Canton] ([C_id_canton], [D_nombre], [C_id_provincia], [N_peso_riesgo]) VALUES (511, 'Hojancha', 5, 0);
INSERT INTO [dbo].[Canton] ([C_id_canton], [D_nombre], [C_id_provincia], [N_peso_riesgo]) VALUES (601, 'Central', 6, 0);
INSERT INTO [dbo].[Canton] ([C_id_canton], [D_nombre], [C_id_provincia], [N_peso_riesgo]) VALUES (602, 'Esparza', 6, 0);
INSERT INTO [dbo].[Canton] ([C_id_canton], [D_nombre], [C_id_provincia], [N_peso_riesgo]) VALUES (603, 'Buenos Aires', 6, 0);
INSERT INTO [dbo].[Canton] ([C_id_canton], [D_nombre], [C_id_provincia], [N_peso_riesgo]) VALUES (604, 'Montes De Oro', 6, 0);
INSERT INTO [dbo].[Canton] ([C_id_canton], [D_nombre], [C_id_provincia], [N_peso_riesgo]) VALUES (605, 'Osa', 6, 0);
INSERT INTO [dbo].[Canton] ([C_id_canton], [D_nombre], [C_id_provincia], [N_peso_riesgo]) VALUES (606, 'Quepos', 6, 0);
INSERT INTO [dbo].[Canton] ([C_id_canton], [D_nombre], [C_id_provincia], [N_peso_riesgo]) VALUES (607, 'Golfito', 6, 0);
INSERT INTO [dbo].[Canton] ([C_id_canton], [D_nombre], [C_id_provincia], [N_peso_riesgo]) VALUES (608, 'Coto Brus', 6, 0);
INSERT INTO [dbo].[Canton] ([C_id_canton], [D_nombre], [C_id_provincia], [N_peso_riesgo]) VALUES (609, 'Parrita', 6, 0);
INSERT INTO [dbo].[Canton] ([C_id_canton], [D_nombre], [C_id_provincia], [N_peso_riesgo]) VALUES (610, 'Corredores', 6, 0);
INSERT INTO [dbo].[Canton] ([C_id_canton], [D_nombre], [C_id_provincia], [N_peso_riesgo]) VALUES (611, 'Garabito', 6, 0);
INSERT INTO [dbo].[Canton] ([C_id_canton], [D_nombre], [C_id_provincia], [N_peso_riesgo]) VALUES (701, 'Central', 7, 0);
INSERT INTO [dbo].[Canton] ([C_id_canton], [D_nombre], [C_id_provincia], [N_peso_riesgo]) VALUES (702, 'Pococi', 7, 0);
INSERT INTO [dbo].[Canton] ([C_id_canton], [D_nombre], [C_id_provincia], [N_peso_riesgo]) VALUES (703, 'Siquirres', 7, 0);
INSERT INTO [dbo].[Canton] ([C_id_canton], [D_nombre], [C_id_provincia], [N_peso_riesgo]) VALUES (704, 'Talamanca', 7, 0);
INSERT INTO [dbo].[Canton] ([C_id_canton], [D_nombre], [C_id_provincia], [N_peso_riesgo]) VALUES (705, 'Matina', 7, 0);
INSERT INTO [dbo].[Canton] ([C_id_canton], [D_nombre], [C_id_provincia], [N_peso_riesgo]) VALUES (706, 'Guacimo', 7, 0);

GO

--- DISTRITOS ---

INSERT INTO [dbo].[Distrito] ([C_id_distrito], [D_nombre], [C_id_canton], [N_peso_riesgo]) VALUES (10101, 'Carmen', 101, 0);
INSERT INTO [dbo].[Distrito] ([C_id_distrito], [D_nombre], [C_id_canton], [N_peso_riesgo]) VALUES (10102, 'Merced', 101, 0);
INSERT INTO [dbo].[Distrito] ([C_id_distrito], [D_nombre], [C_id_canton], [N_peso_riesgo]) VALUES (10103, 'Hospital', 101, 0);
INSERT INTO [dbo].[Distrito] ([C_id_distrito], [D_nombre], [C_id_canton], [N_peso_riesgo]) VALUES (10104, 'Catedral', 101, 0);
INSERT INTO [dbo].[Distrito] ([C_id_distrito], [D_nombre], [C_id_canton], [N_peso_riesgo]) VALUES (10105, 'Zapote', 101, 0);
INSERT INTO [dbo].[Distrito] ([C_id_distrito], [D_nombre], [C_id_canton], [N_peso_riesgo]) VALUES (10106, 'San Francisco De Dos Rios', 101, 0);
INSERT INTO [dbo].[Distrito] ([C_id_distrito], [D_nombre], [C_id_canton], [N_peso_riesgo]) VALUES (10107, 'Uruca', 101, 0);
INSERT INTO [dbo].[Distrito] ([C_id_distrito], [D_nombre], [C_id_canton], [N_peso_riesgo]) VALUES (10108, 'Mata Redonda', 101, 0);
INSERT INTO [dbo].[Distrito] ([C_id_distrito], [D_nombre], [C_id_canton], [N_peso_riesgo]) VALUES (10109, 'Pavas', 101, 0);
INSERT INTO [dbo].[Distrito] ([C_id_distrito], [D_nombre], [C_id_canton], [N_peso_riesgo]) VALUES (10110, 'Hatillo', 101, 0);
INSERT INTO [dbo].[Distrito] ([C_id_distrito], [D_nombre], [C_id_canton], [N_peso_riesgo]) VALUES (10111, 'San Sebastian', 101, 0);
INSERT INTO [dbo].[Distrito] ([C_id_distrito], [D_nombre], [C_id_canton], [N_peso_riesgo]) VALUES (10201, 'Escazu', 102, 0);
INSERT INTO [dbo].[Distrito] ([C_id_distrito], [D_nombre], [C_id_canton], [N_peso_riesgo]) VALUES (10202, 'San Antonio', 102, 0);
INSERT INTO [dbo].[Distrito] ([C_id_distrito], [D_nombre], [C_id_canton], [N_peso_riesgo]) VALUES (10203, 'San Rafael', 102, 0);
INSERT INTO [dbo].[Distrito] ([C_id_distrito], [D_nombre], [C_id_canton], [N_peso_riesgo]) VALUES (10301, 'Desamparados', 103, 0);
INSERT INTO [dbo].[Distrito] ([C_id_distrito], [D_nombre], [C_id_canton], [N_peso_riesgo]) VALUES (10302, 'San Miguel', 103, 0);
INSERT INTO [dbo].[Distrito] ([C_id_distrito], [D_nombre], [C_id_canton], [N_peso_riesgo]) VALUES (10303, 'San Juan De Dios', 103, 0);
INSERT INTO [dbo].[Distrito] ([C_id_distrito], [D_nombre], [C_id_canton], [N_peso_riesgo]) VALUES (10304, 'San Rafael Arriba', 103, 0);
INSERT INTO [dbo].[Distrito] ([C_id_distrito], [D_nombre], [C_id_canton], [N_peso_riesgo]) VALUES (10305, 'San Rafael Abajo', 103, 0);
INSERT INTO [dbo].[Distrito] ([C_id_distrito], [D_nombre], [C_id_canton], [N_peso_riesgo]) VALUES (10306, 'San Antonio', 103, 0);
INSERT INTO [dbo].[Distrito] ([C_id_distrito], [D_nombre], [C_id_canton], [N_peso_riesgo]) VALUES (10307, 'Frailes', 103, 0);
INSERT INTO [dbo].[Distrito] ([C_id_distrito], [D_nombre], [C_id_canton], [N_peso_riesgo]) VALUES (10308, 'Patarra', 103, 0);
INSERT INTO [dbo].[Distrito] ([C_id_distrito], [D_nombre], [C_id_canton], [N_peso_riesgo]) VALUES (10309, 'San Cristobal', 103, 0);
INSERT INTO [dbo].[Distrito] ([C_id_distrito], [D_nombre], [C_id_canton], [N_peso_riesgo]) VALUES (10310, 'Rosario', 103, 0);
INSERT INTO [dbo].[Distrito] ([C_id_distrito], [D_nombre], [C_id_canton], [N_peso_riesgo]) VALUES (10311, 'Damas', 103, 0);
INSERT INTO [dbo].[Distrito] ([C_id_distrito], [D_nombre], [C_id_canton], [N_peso_riesgo]) VALUES (10312, 'Gravilias', 103, 0);
INSERT INTO [dbo].[Distrito] ([C_id_distrito], [D_nombre], [C_id_canton], [N_peso_riesgo]) VALUES (10313, 'Los Guido', 103, 0);
INSERT INTO [dbo].[Distrito] ([C_id_distrito], [D_nombre], [C_id_canton], [N_peso_riesgo]) VALUES (10401, 'Santiago', 104, 0);
INSERT INTO [dbo].[Distrito] ([C_id_distrito], [D_nombre], [C_id_canton], [N_peso_riesgo]) VALUES (10402, 'Mercedes Sur', 104, 0);
INSERT INTO [dbo].[Distrito] ([C_id_distrito], [D_nombre], [C_id_canton], [N_peso_riesgo]) VALUES (10403, 'Barbacoas', 104, 0);
INSERT INTO [dbo].[Distrito] ([C_id_distrito], [D_nombre], [C_id_canton], [N_peso_riesgo]) VALUES (10404, 'Grifo Alto', 104, 0);
INSERT INTO [dbo].[Distrito] ([C_id_distrito], [D_nombre], [C_id_canton], [N_peso_riesgo]) VALUES (10405, 'San Rafael', 104, 0);
INSERT INTO [dbo].[Distrito] ([C_id_distrito], [D_nombre], [C_id_canton], [N_peso_riesgo]) VALUES (10406, 'Candelarita', 104, 0);
INSERT INTO [dbo].[Distrito] ([C_id_distrito], [D_nombre], [C_id_canton], [N_peso_riesgo]) VALUES (10407, 'Desamparaditos', 104, 0);
INSERT INTO [dbo].[Distrito] ([C_id_distrito], [D_nombre], [C_id_canton], [N_peso_riesgo]) VALUES (10408, 'San Antonio', 104, 0);
INSERT INTO [dbo].[Distrito] ([C_id_distrito], [D_nombre], [C_id_canton], [N_peso_riesgo]) VALUES (10409, 'Chires', 104, 0);
INSERT INTO [dbo].[Distrito] ([C_id_distrito], [D_nombre], [C_id_canton], [N_peso_riesgo]) VALUES (10501, 'San Marcos', 105, 0);
INSERT INTO [dbo].[Distrito] ([C_id_distrito], [D_nombre], [C_id_canton], [N_peso_riesgo]) VALUES (10502, 'San Lorenzo', 105, 0);
INSERT INTO [dbo].[Distrito] ([C_id_distrito], [D_nombre], [C_id_canton], [N_peso_riesgo]) VALUES (10503, 'San Carlos', 105, 0);
INSERT INTO [dbo].[Distrito] ([C_id_distrito], [D_nombre], [C_id_canton], [N_peso_riesgo]) VALUES (10601, 'Aserri', 106, 0);
INSERT INTO [dbo].[Distrito] ([C_id_distrito], [D_nombre], [C_id_canton], [N_peso_riesgo]) VALUES (10602, 'Tarbaca', 106, 0);
INSERT INTO [dbo].[Distrito] ([C_id_distrito], [D_nombre], [C_id_canton], [N_peso_riesgo]) VALUES (10603, 'Vuelta De Jorco', 106, 0);
INSERT INTO [dbo].[Distrito] ([C_id_distrito], [D_nombre], [C_id_canton], [N_peso_riesgo]) VALUES (10604, 'San Gabriel', 106, 0);
INSERT INTO [dbo].[Distrito] ([C_id_distrito], [D_nombre], [C_id_canton], [N_peso_riesgo]) VALUES (10605, 'Legua', 106, 0);
INSERT INTO [dbo].[Distrito] ([C_id_distrito], [D_nombre], [C_id_canton], [N_peso_riesgo]) VALUES (10606, 'Monterrey', 106, 0);
INSERT INTO [dbo].[Distrito] ([C_id_distrito], [D_nombre], [C_id_canton], [N_peso_riesgo]) VALUES (10607, 'Salitrillos', 106, 0);
INSERT INTO [dbo].[Distrito] ([C_id_distrito], [D_nombre], [C_id_canton], [N_peso_riesgo]) VALUES (10701, 'Colon', 107, 0);
INSERT INTO [dbo].[Distrito] ([C_id_distrito], [D_nombre], [C_id_canton], [N_peso_riesgo]) VALUES (10702, 'Guayabo', 107, 0);
INSERT INTO [dbo].[Distrito] ([C_id_distrito], [D_nombre], [C_id_canton], [N_peso_riesgo]) VALUES (10703, 'Tabarcia', 107, 0);
INSERT INTO [dbo].[Distrito] ([C_id_distrito], [D_nombre], [C_id_canton], [N_peso_riesgo]) VALUES (10704, 'Piedras Negras', 107, 0);
INSERT INTO [dbo].[Distrito] ([C_id_distrito], [D_nombre], [C_id_canton], [N_peso_riesgo]) VALUES (10705, 'Picagres', 107, 0);
INSERT INTO [dbo].[Distrito] ([C_id_distrito], [D_nombre], [C_id_canton], [N_peso_riesgo]) VALUES (10706, 'Jaris', 107, 0);
INSERT INTO [dbo].[Distrito] ([C_id_distrito], [D_nombre], [C_id_canton], [N_peso_riesgo]) VALUES (10801, 'Guadalupe', 108, 0);
INSERT INTO [dbo].[Distrito] ([C_id_distrito], [D_nombre], [C_id_canton], [N_peso_riesgo]) VALUES (10802, 'San Francisco', 108, 0);
INSERT INTO [dbo].[Distrito] ([C_id_distrito], [D_nombre], [C_id_canton], [N_peso_riesgo]) VALUES (10803, 'Calle Blancos', 108, 0);
INSERT INTO [dbo].[Distrito] ([C_id_distrito], [D_nombre], [C_id_canton], [N_peso_riesgo]) VALUES (10804, 'Mata De Platano', 108, 0);
INSERT INTO [dbo].[Distrito] ([C_id_distrito], [D_nombre], [C_id_canton], [N_peso_riesgo]) VALUES (10805, 'Ipis', 108, 0);
INSERT INTO [dbo].[Distrito] ([C_id_distrito], [D_nombre], [C_id_canton], [N_peso_riesgo]) VALUES (10806, 'Rancho Redondo', 108, 0);
INSERT INTO [dbo].[Distrito] ([C_id_distrito], [D_nombre], [C_id_canton], [N_peso_riesgo]) VALUES (10807, 'Purral', 108, 0);
INSERT INTO [dbo].[Distrito] ([C_id_distrito], [D_nombre], [C_id_canton], [N_peso_riesgo]) VALUES (10901, 'Santa Ana', 109, 0);
INSERT INTO [dbo].[Distrito] ([C_id_distrito], [D_nombre], [C_id_canton], [N_peso_riesgo]) VALUES (10902, 'Salitral', 109, 0);
INSERT INTO [dbo].[Distrito] ([C_id_distrito], [D_nombre], [C_id_canton], [N_peso_riesgo]) VALUES (10903, 'Pozos', 109, 0);
INSERT INTO [dbo].[Distrito] ([C_id_distrito], [D_nombre], [C_id_canton], [N_peso_riesgo]) VALUES (10904, 'Uruca', 109, 0);
INSERT INTO [dbo].[Distrito] ([C_id_distrito], [D_nombre], [C_id_canton], [N_peso_riesgo]) VALUES (10905, 'Piedades', 109, 0);
INSERT INTO [dbo].[Distrito] ([C_id_distrito], [D_nombre], [C_id_canton], [N_peso_riesgo]) VALUES (10906, 'Brasil', 109, 0);
INSERT INTO [dbo].[Distrito] ([C_id_distrito], [D_nombre], [C_id_canton], [N_peso_riesgo]) VALUES (11001, 'Alajuelita', 110, 0);
INSERT INTO [dbo].[Distrito] ([C_id_distrito], [D_nombre], [C_id_canton], [N_peso_riesgo]) VALUES (11002, 'San Josecito', 110, 0);
INSERT INTO [dbo].[Distrito] ([C_id_distrito], [D_nombre], [C_id_canton], [N_peso_riesgo]) VALUES (11003, 'San Antonio', 110, 0);
INSERT INTO [dbo].[Distrito] ([C_id_distrito], [D_nombre], [C_id_canton], [N_peso_riesgo]) VALUES (11004, 'Concepcion', 110, 0);
INSERT INTO [dbo].[Distrito] ([C_id_distrito], [D_nombre], [C_id_canton], [N_peso_riesgo]) VALUES (11005, 'San Felipe', 110, 0);
INSERT INTO [dbo].[Distrito] ([C_id_distrito], [D_nombre], [C_id_canton], [N_peso_riesgo]) VALUES (11101, 'San Isidro', 111, 0);
INSERT INTO [dbo].[Distrito] ([C_id_distrito], [D_nombre], [C_id_canton], [N_peso_riesgo]) VALUES (11102, 'San Rafael', 111, 0);
INSERT INTO [dbo].[Distrito] ([C_id_distrito], [D_nombre], [C_id_canton], [N_peso_riesgo]) VALUES (11103, 'Dulce Nombre De Jesus', 111, 0);
INSERT INTO [dbo].[Distrito] ([C_id_distrito], [D_nombre], [C_id_canton], [N_peso_riesgo]) VALUES (11104, 'Patalillo', 111, 0);
INSERT INTO [dbo].[Distrito] ([C_id_distrito], [D_nombre], [C_id_canton], [N_peso_riesgo]) VALUES (11105, 'Cascajal', 111, 0);
INSERT INTO [dbo].[Distrito] ([C_id_distrito], [D_nombre], [C_id_canton], [N_peso_riesgo]) VALUES (11201, 'San Ignacio', 112, 0);
INSERT INTO [dbo].[Distrito] ([C_id_distrito], [D_nombre], [C_id_canton], [N_peso_riesgo]) VALUES (11202, 'Guaitil', 112, 0);
INSERT INTO [dbo].[Distrito] ([C_id_distrito], [D_nombre], [C_id_canton], [N_peso_riesgo]) VALUES (11203, 'Palmichal', 112, 0);
INSERT INTO [dbo].[Distrito] ([C_id_distrito], [D_nombre], [C_id_canton], [N_peso_riesgo]) VALUES (11204, 'Cangrejal', 112, 0);
INSERT INTO [dbo].[Distrito] ([C_id_distrito], [D_nombre], [C_id_canton], [N_peso_riesgo]) VALUES (11205, 'Sabanillas', 112, 0);
INSERT INTO [dbo].[Distrito] ([C_id_distrito], [D_nombre], [C_id_canton], [N_peso_riesgo]) VALUES (11301, 'San Juan', 113, 0);
INSERT INTO [dbo].[Distrito] ([C_id_distrito], [D_nombre], [C_id_canton], [N_peso_riesgo]) VALUES (11302, 'Cinco Esquinas', 113, 0);
INSERT INTO [dbo].[Distrito] ([C_id_distrito], [D_nombre], [C_id_canton], [N_peso_riesgo]) VALUES (11303, 'Anselmo Llorente', 113, 0);
INSERT INTO [dbo].[Distrito] ([C_id_distrito], [D_nombre], [C_id_canton], [N_peso_riesgo]) VALUES (11304, 'Leon XII', 113, 0);
INSERT INTO [dbo].[Distrito] ([C_id_distrito], [D_nombre], [C_id_canton], [N_peso_riesgo]) VALUES (11305, 'Colima', 113, 0);
INSERT INTO [dbo].[Distrito] ([C_id_distrito], [D_nombre], [C_id_canton], [N_peso_riesgo]) VALUES (11401, 'San Vicente', 114, 0);
INSERT INTO [dbo].[Distrito] ([C_id_distrito], [D_nombre], [C_id_canton], [N_peso_riesgo]) VALUES (11402, 'San Jeronimo', 114, 0);
INSERT INTO [dbo].[Distrito] ([C_id_distrito], [D_nombre], [C_id_canton], [N_peso_riesgo]) VALUES (11403, 'La Trinidad', 114, 0);
INSERT INTO [dbo].[Distrito] ([C_id_distrito], [D_nombre], [C_id_canton], [N_peso_riesgo]) VALUES (11501, 'San Pedro', 115, 0);
INSERT INTO [dbo].[Distrito] ([C_id_distrito], [D_nombre], [C_id_canton], [N_peso_riesgo]) VALUES (11502, 'Sabanilla', 115, 0);
INSERT INTO [dbo].[Distrito] ([C_id_distrito], [D_nombre], [C_id_canton], [N_peso_riesgo]) VALUES (11503, 'Mercedes', 115, 0);
INSERT INTO [dbo].[Distrito] ([C_id_distrito], [D_nombre], [C_id_canton], [N_peso_riesgo]) VALUES (11504, 'San Rafael', 115, 0);
INSERT INTO [dbo].[Distrito] ([C_id_distrito], [D_nombre], [C_id_canton], [N_peso_riesgo]) VALUES (11601, 'San Pablo', 116, 0);
INSERT INTO [dbo].[Distrito] ([C_id_distrito], [D_nombre], [C_id_canton], [N_peso_riesgo]) VALUES (11602, 'San Pedro', 116, 0);
INSERT INTO [dbo].[Distrito] ([C_id_distrito], [D_nombre], [C_id_canton], [N_peso_riesgo]) VALUES (11603, 'San Juan De Mata', 116, 0);
INSERT INTO [dbo].[Distrito] ([C_id_distrito], [D_nombre], [C_id_canton], [N_peso_riesgo]) VALUES (11604, 'San Luis', 116, 0);
INSERT INTO [dbo].[Distrito] ([C_id_distrito], [D_nombre], [C_id_canton], [N_peso_riesgo]) VALUES (11605, 'Carara', 116, 0);
INSERT INTO [dbo].[Distrito] ([C_id_distrito], [D_nombre], [C_id_canton], [N_peso_riesgo]) VALUES (11701, 'Santa Maria', 117, 0);
INSERT INTO [dbo].[Distrito] ([C_id_distrito], [D_nombre], [C_id_canton], [N_peso_riesgo]) VALUES (11702, 'Jardin', 117, 0);
INSERT INTO [dbo].[Distrito] ([C_id_distrito], [D_nombre], [C_id_canton], [N_peso_riesgo]) VALUES (11703, 'Copey', 117, 0);
INSERT INTO [dbo].[Distrito] ([C_id_distrito], [D_nombre], [C_id_canton], [N_peso_riesgo]) VALUES (11801, 'Curridabat', 118, 0);
INSERT INTO [dbo].[Distrito] ([C_id_distrito], [D_nombre], [C_id_canton], [N_peso_riesgo]) VALUES (11802, 'Granadilla', 118, 0);
INSERT INTO [dbo].[Distrito] ([C_id_distrito], [D_nombre], [C_id_canton], [N_peso_riesgo]) VALUES (11803, 'Sanchez', 118, 0);
INSERT INTO [dbo].[Distrito] ([C_id_distrito], [D_nombre], [C_id_canton], [N_peso_riesgo]) VALUES (11804, 'Tirrases', 118, 0);
INSERT INTO [dbo].[Distrito] ([C_id_distrito], [D_nombre], [C_id_canton], [N_peso_riesgo]) VALUES (11901, 'San Isidro De El General', 119, 0);
INSERT INTO [dbo].[Distrito] ([C_id_distrito], [D_nombre], [C_id_canton], [N_peso_riesgo]) VALUES (11902, 'El General', 119, 0);
INSERT INTO [dbo].[Distrito] ([C_id_distrito], [D_nombre], [C_id_canton], [N_peso_riesgo]) VALUES (11903, 'Daniel Flores', 119, 0);
INSERT INTO [dbo].[Distrito] ([C_id_distrito], [D_nombre], [C_id_canton], [N_peso_riesgo]) VALUES (11904, 'Rivas', 119, 0);
INSERT INTO [dbo].[Distrito] ([C_id_distrito], [D_nombre], [C_id_canton], [N_peso_riesgo]) VALUES (11905, 'San Pedro', 119, 0);
INSERT INTO [dbo].[Distrito] ([C_id_distrito], [D_nombre], [C_id_canton], [N_peso_riesgo]) VALUES (11906, 'Platanares', 119, 0);
INSERT INTO [dbo].[Distrito] ([C_id_distrito], [D_nombre], [C_id_canton], [N_peso_riesgo]) VALUES (11907, 'Pejibaye', 119, 0);
INSERT INTO [dbo].[Distrito] ([C_id_distrito], [D_nombre], [C_id_canton], [N_peso_riesgo]) VALUES (11908, 'Cajon', 119, 0);
INSERT INTO [dbo].[Distrito] ([C_id_distrito], [D_nombre], [C_id_canton], [N_peso_riesgo]) VALUES (11909, 'Baru', 119, 0);
INSERT INTO [dbo].[Distrito] ([C_id_distrito], [D_nombre], [C_id_canton], [N_peso_riesgo]) VALUES (11910, 'Rio Nuevo', 119, 0);
INSERT INTO [dbo].[Distrito] ([C_id_distrito], [D_nombre], [C_id_canton], [N_peso_riesgo]) VALUES (11911, 'Paramo', 119, 0);
INSERT INTO [dbo].[Distrito] ([C_id_distrito], [D_nombre], [C_id_canton], [N_peso_riesgo]) VALUES (12001, 'San Pablo', 120, 0);
INSERT INTO [dbo].[Distrito] ([C_id_distrito], [D_nombre], [C_id_canton], [N_peso_riesgo]) VALUES (12002, 'San Andres', 120, 0);
INSERT INTO [dbo].[Distrito] ([C_id_distrito], [D_nombre], [C_id_canton], [N_peso_riesgo]) VALUES (12003, 'Llano Bonito', 120, 0);
INSERT INTO [dbo].[Distrito] ([C_id_distrito], [D_nombre], [C_id_canton], [N_peso_riesgo]) VALUES (12004, 'San Isidro', 120, 0);
INSERT INTO [dbo].[Distrito] ([C_id_distrito], [D_nombre], [C_id_canton], [N_peso_riesgo]) VALUES (12005, 'Santa Cruz', 120, 0);
INSERT INTO [dbo].[Distrito] ([C_id_distrito], [D_nombre], [C_id_canton], [N_peso_riesgo]) VALUES (12006, 'San Antonio', 120, 0);
INSERT INTO [dbo].[Distrito] ([C_id_distrito], [D_nombre], [C_id_canton], [N_peso_riesgo]) VALUES (20101, 'Alajuela', 201, 0);
INSERT INTO [dbo].[Distrito] ([C_id_distrito], [D_nombre], [C_id_canton], [N_peso_riesgo]) VALUES (20102, 'San Jose', 201, 0);
INSERT INTO [dbo].[Distrito] ([C_id_distrito], [D_nombre], [C_id_canton], [N_peso_riesgo]) VALUES (20103, 'Carrizal', 201, 0);
INSERT INTO [dbo].[Distrito] ([C_id_distrito], [D_nombre], [C_id_canton], [N_peso_riesgo]) VALUES (20104, 'San Antonio', 201, 0);
INSERT INTO [dbo].[Distrito] ([C_id_distrito], [D_nombre], [C_id_canton], [N_peso_riesgo]) VALUES (20105, 'Guacima', 201, 0);
INSERT INTO [dbo].[Distrito] ([C_id_distrito], [D_nombre], [C_id_canton], [N_peso_riesgo]) VALUES (20106, 'San Isidro', 201, 0);
INSERT INTO [dbo].[Distrito] ([C_id_distrito], [D_nombre], [C_id_canton], [N_peso_riesgo]) VALUES (20107, 'Sabanilla', 201, 0);
INSERT INTO [dbo].[Distrito] ([C_id_distrito], [D_nombre], [C_id_canton], [N_peso_riesgo]) VALUES (20108, 'San Rafael', 201, 0);
INSERT INTO [dbo].[Distrito] ([C_id_distrito], [D_nombre], [C_id_canton], [N_peso_riesgo]) VALUES (20109, 'Rio Segundo', 201, 0);
INSERT INTO [dbo].[Distrito] ([C_id_distrito], [D_nombre], [C_id_canton], [N_peso_riesgo]) VALUES (20110, 'Desamparados', 201, 0);
INSERT INTO [dbo].[Distrito] ([C_id_distrito], [D_nombre], [C_id_canton], [N_peso_riesgo]) VALUES (20111, 'Turrucares', 201, 0);
INSERT INTO [dbo].[Distrito] ([C_id_distrito], [D_nombre], [C_id_canton], [N_peso_riesgo]) VALUES (20112, 'Tambor', 201, 0);
INSERT INTO [dbo].[Distrito] ([C_id_distrito], [D_nombre], [C_id_canton], [N_peso_riesgo]) VALUES (20113, 'Garita', 201, 0);
INSERT INTO [dbo].[Distrito] ([C_id_distrito], [D_nombre], [C_id_canton], [N_peso_riesgo]) VALUES (20114, 'Sarapiqui', 201, 0);
INSERT INTO [dbo].[Distrito] ([C_id_distrito], [D_nombre], [C_id_canton], [N_peso_riesgo]) VALUES (20201, 'San Ramon', 202, 0);
INSERT INTO [dbo].[Distrito] ([C_id_distrito], [D_nombre], [C_id_canton], [N_peso_riesgo]) VALUES (20202, 'Santiago', 202, 0);
INSERT INTO [dbo].[Distrito] ([C_id_distrito], [D_nombre], [C_id_canton], [N_peso_riesgo]) VALUES (20203, 'San Juan', 202, 0);
INSERT INTO [dbo].[Distrito] ([C_id_distrito], [D_nombre], [C_id_canton], [N_peso_riesgo]) VALUES (20204, 'Piedades Norte', 202, 0);
INSERT INTO [dbo].[Distrito] ([C_id_distrito], [D_nombre], [C_id_canton], [N_peso_riesgo]) VALUES (20205, 'Piedades Sur', 202, 0);
INSERT INTO [dbo].[Distrito] ([C_id_distrito], [D_nombre], [C_id_canton], [N_peso_riesgo]) VALUES (20206, 'San Rafael', 202, 0);
INSERT INTO [dbo].[Distrito] ([C_id_distrito], [D_nombre], [C_id_canton], [N_peso_riesgo]) VALUES (20207, 'San Isidro', 202, 0);
INSERT INTO [dbo].[Distrito] ([C_id_distrito], [D_nombre], [C_id_canton], [N_peso_riesgo]) VALUES (20208, 'Angeles', 202, 0);
INSERT INTO [dbo].[Distrito] ([C_id_distrito], [D_nombre], [C_id_canton], [N_peso_riesgo]) VALUES (20209, 'Alfaro', 202, 0);
INSERT INTO [dbo].[Distrito] ([C_id_distrito], [D_nombre], [C_id_canton], [N_peso_riesgo]) VALUES (20210, 'Volio', 202, 0);
INSERT INTO [dbo].[Distrito] ([C_id_distrito], [D_nombre], [C_id_canton], [N_peso_riesgo]) VALUES (20211, 'Concepcion', 202, 0);
INSERT INTO [dbo].[Distrito] ([C_id_distrito], [D_nombre], [C_id_canton], [N_peso_riesgo]) VALUES (20212, 'Zapotal', 202, 0);
INSERT INTO [dbo].[Distrito] ([C_id_distrito], [D_nombre], [C_id_canton], [N_peso_riesgo]) VALUES (20213, 'Penas Blancas', 202, 0);
INSERT INTO [dbo].[Distrito] ([C_id_distrito], [D_nombre], [C_id_canton], [N_peso_riesgo]) VALUES (20301, 'Grecia', 203, 0);
INSERT INTO [dbo].[Distrito] ([C_id_distrito], [D_nombre], [C_id_canton], [N_peso_riesgo]) VALUES (20302, 'San Isidro', 203, 0);
INSERT INTO [dbo].[Distrito] ([C_id_distrito], [D_nombre], [C_id_canton], [N_peso_riesgo]) VALUES (20303, 'San Jose', 203, 0);
INSERT INTO [dbo].[Distrito] ([C_id_distrito], [D_nombre], [C_id_canton], [N_peso_riesgo]) VALUES (20304, 'San Roque', 203, 0);
INSERT INTO [dbo].[Distrito] ([C_id_distrito], [D_nombre], [C_id_canton], [N_peso_riesgo]) VALUES (20305, 'Tacares', 203, 0);
INSERT INTO [dbo].[Distrito] ([C_id_distrito], [D_nombre], [C_id_canton], [N_peso_riesgo]) VALUES (20306, 'Rio Cuarto', 203, 0);
INSERT INTO [dbo].[Distrito] ([C_id_distrito], [D_nombre], [C_id_canton], [N_peso_riesgo]) VALUES (20307, 'Puente De Piedra', 203, 0);
INSERT INTO [dbo].[Distrito] ([C_id_distrito], [D_nombre], [C_id_canton], [N_peso_riesgo]) VALUES (20308, 'Bolivar', 203, 0);
INSERT INTO [dbo].[Distrito] ([C_id_distrito], [D_nombre], [C_id_canton], [N_peso_riesgo]) VALUES (20401, 'San Mateo', 204, 0);
INSERT INTO [dbo].[Distrito] ([C_id_distrito], [D_nombre], [C_id_canton], [N_peso_riesgo]) VALUES (20402, 'Desmonte', 204, 0);
INSERT INTO [dbo].[Distrito] ([C_id_distrito], [D_nombre], [C_id_canton], [N_peso_riesgo]) VALUES (20403, 'Jesus Maria', 204, 0);
INSERT INTO [dbo].[Distrito] ([C_id_distrito], [D_nombre], [C_id_canton], [N_peso_riesgo]) VALUES (20404, 'Labrador', 204, 0);
INSERT INTO [dbo].[Distrito] ([C_id_distrito], [D_nombre], [C_id_canton], [N_peso_riesgo]) VALUES (20501, 'Atenas', 205, 0);
INSERT INTO [dbo].[Distrito] ([C_id_distrito], [D_nombre], [C_id_canton], [N_peso_riesgo]) VALUES (20502, 'Jesus', 205, 0);
INSERT INTO [dbo].[Distrito] ([C_id_distrito], [D_nombre], [C_id_canton], [N_peso_riesgo]) VALUES (20503, 'Mercedes', 205, 0);
INSERT INTO [dbo].[Distrito] ([C_id_distrito], [D_nombre], [C_id_canton], [N_peso_riesgo]) VALUES (20504, 'San Isidro', 205, 0);
INSERT INTO [dbo].[Distrito] ([C_id_distrito], [D_nombre], [C_id_canton], [N_peso_riesgo]) VALUES (20505, 'Concepcion', 205, 0);
INSERT INTO [dbo].[Distrito] ([C_id_distrito], [D_nombre], [C_id_canton], [N_peso_riesgo]) VALUES (20506, 'San Jose', 205, 0);
INSERT INTO [dbo].[Distrito] ([C_id_distrito], [D_nombre], [C_id_canton], [N_peso_riesgo]) VALUES (20507, 'Santa Eulalia', 205, 0);
INSERT INTO [dbo].[Distrito] ([C_id_distrito], [D_nombre], [C_id_canton], [N_peso_riesgo]) VALUES (20508, 'Escobal', 205, 0);
INSERT INTO [dbo].[Distrito] ([C_id_distrito], [D_nombre], [C_id_canton], [N_peso_riesgo]) VALUES (20601, 'Naranjo', 206, 0);
INSERT INTO [dbo].[Distrito] ([C_id_distrito], [D_nombre], [C_id_canton], [N_peso_riesgo]) VALUES (20602, 'San Miguel', 206, 0);
INSERT INTO [dbo].[Distrito] ([C_id_distrito], [D_nombre], [C_id_canton], [N_peso_riesgo]) VALUES (20603, 'San Jose', 206, 0);
INSERT INTO [dbo].[Distrito] ([C_id_distrito], [D_nombre], [C_id_canton], [N_peso_riesgo]) VALUES (20604, 'Cirri Sur', 206, 0);
INSERT INTO [dbo].[Distrito] ([C_id_distrito], [D_nombre], [C_id_canton], [N_peso_riesgo]) VALUES (20605, 'San Jeronimo', 206, 0);
INSERT INTO [dbo].[Distrito] ([C_id_distrito], [D_nombre], [C_id_canton], [N_peso_riesgo]) VALUES (20606, 'San Juan', 206, 0);
INSERT INTO [dbo].[Distrito] ([C_id_distrito], [D_nombre], [C_id_canton], [N_peso_riesgo]) VALUES (20607, 'El Rosario', 206, 0);
INSERT INTO [dbo].[Distrito] ([C_id_distrito], [D_nombre], [C_id_canton], [N_peso_riesgo]) VALUES (20608, 'Palmitos', 206, 0);
INSERT INTO [dbo].[Distrito] ([C_id_distrito], [D_nombre], [C_id_canton], [N_peso_riesgo]) VALUES (20701, 'Palmares', 207, 0);
INSERT INTO [dbo].[Distrito] ([C_id_distrito], [D_nombre], [C_id_canton], [N_peso_riesgo]) VALUES (20702, 'Zaragoza', 207, 0);
INSERT INTO [dbo].[Distrito] ([C_id_distrito], [D_nombre], [C_id_canton], [N_peso_riesgo]) VALUES (20703, 'Buenos Aires', 207, 0);
INSERT INTO [dbo].[Distrito] ([C_id_distrito], [D_nombre], [C_id_canton], [N_peso_riesgo]) VALUES (20704, 'Santiago', 207, 0);
INSERT INTO [dbo].[Distrito] ([C_id_distrito], [D_nombre], [C_id_canton], [N_peso_riesgo]) VALUES (20705, 'Candelaria', 207, 0);
INSERT INTO [dbo].[Distrito] ([C_id_distrito], [D_nombre], [C_id_canton], [N_peso_riesgo]) VALUES (20706, 'Esquipulas', 207, 0);
INSERT INTO [dbo].[Distrito] ([C_id_distrito], [D_nombre], [C_id_canton], [N_peso_riesgo]) VALUES (20707, 'La Granja', 207, 0);
INSERT INTO [dbo].[Distrito] ([C_id_distrito], [D_nombre], [C_id_canton], [N_peso_riesgo]) VALUES (20801, 'San Pedro', 208, 0);
INSERT INTO [dbo].[Distrito] ([C_id_distrito], [D_nombre], [C_id_canton], [N_peso_riesgo]) VALUES (20802, 'San Juan', 208, 0);
INSERT INTO [dbo].[Distrito] ([C_id_distrito], [D_nombre], [C_id_canton], [N_peso_riesgo]) VALUES (20803, 'San Rafael', 208, 0);
INSERT INTO [dbo].[Distrito] ([C_id_distrito], [D_nombre], [C_id_canton], [N_peso_riesgo]) VALUES (20804, 'Carrillos', 208, 0);
INSERT INTO [dbo].[Distrito] ([C_id_distrito], [D_nombre], [C_id_canton], [N_peso_riesgo]) VALUES (20805, 'Sabana Redonda', 208, 0);
INSERT INTO [dbo].[Distrito] ([C_id_distrito], [D_nombre], [C_id_canton], [N_peso_riesgo]) VALUES (20901, 'Orotina', 209, 0);
INSERT INTO [dbo].[Distrito] ([C_id_distrito], [D_nombre], [C_id_canton], [N_peso_riesgo]) VALUES (20902, 'El Mastate', 209, 0);
INSERT INTO [dbo].[Distrito] ([C_id_distrito], [D_nombre], [C_id_canton], [N_peso_riesgo]) VALUES (20903, 'Hacienda Vieja', 209, 0);
INSERT INTO [dbo].[Distrito] ([C_id_distrito], [D_nombre], [C_id_canton], [N_peso_riesgo]) VALUES (20904, 'Coyolar', 209, 0);
INSERT INTO [dbo].[Distrito] ([C_id_distrito], [D_nombre], [C_id_canton], [N_peso_riesgo]) VALUES (20905, 'La Ceiba', 209, 0);
INSERT INTO [dbo].[Distrito] ([C_id_distrito], [D_nombre], [C_id_canton], [N_peso_riesgo]) VALUES (21001, 'Quesada', 210, 0);
INSERT INTO [dbo].[Distrito] ([C_id_distrito], [D_nombre], [C_id_canton], [N_peso_riesgo]) VALUES (21002, 'Florencia', 210, 0);
INSERT INTO [dbo].[Distrito] ([C_id_distrito], [D_nombre], [C_id_canton], [N_peso_riesgo]) VALUES (21003, 'Buenavista', 210, 0);
INSERT INTO [dbo].[Distrito] ([C_id_distrito], [D_nombre], [C_id_canton], [N_peso_riesgo]) VALUES (21004, 'Aguas Zarcas', 210, 0);
INSERT INTO [dbo].[Distrito] ([C_id_distrito], [D_nombre], [C_id_canton], [N_peso_riesgo]) VALUES (21005, 'Venecia', 210, 0);
INSERT INTO [dbo].[Distrito] ([C_id_distrito], [D_nombre], [C_id_canton], [N_peso_riesgo]) VALUES (21006, 'Pital', 210, 0);
INSERT INTO [dbo].[Distrito] ([C_id_distrito], [D_nombre], [C_id_canton], [N_peso_riesgo]) VALUES (21007, 'La Fortuna', 210, 0);
INSERT INTO [dbo].[Distrito] ([C_id_distrito], [D_nombre], [C_id_canton], [N_peso_riesgo]) VALUES (21008, 'La Tigra', 210, 0);
INSERT INTO [dbo].[Distrito] ([C_id_distrito], [D_nombre], [C_id_canton], [N_peso_riesgo]) VALUES (21009, 'La Palmera', 210, 0);
INSERT INTO [dbo].[Distrito] ([C_id_distrito], [D_nombre], [C_id_canton], [N_peso_riesgo]) VALUES (21010, 'Venado', 210, 0);
INSERT INTO [dbo].[Distrito] ([C_id_distrito], [D_nombre], [C_id_canton], [N_peso_riesgo]) VALUES (21011, 'Cutris', 210, 0);
INSERT INTO [dbo].[Distrito] ([C_id_distrito], [D_nombre], [C_id_canton], [N_peso_riesgo]) VALUES (21012, 'Monterrey', 210, 0);
INSERT INTO [dbo].[Distrito] ([C_id_distrito], [D_nombre], [C_id_canton], [N_peso_riesgo]) VALUES (21013, 'Pocosol', 210, 0);
INSERT INTO [dbo].[Distrito] ([C_id_distrito], [D_nombre], [C_id_canton], [N_peso_riesgo]) VALUES (21101, 'Zarcero', 211, 0);
INSERT INTO [dbo].[Distrito] ([C_id_distrito], [D_nombre], [C_id_canton], [N_peso_riesgo]) VALUES (21102, 'Laguna', 211, 0);
INSERT INTO [dbo].[Distrito] ([C_id_distrito], [D_nombre], [C_id_canton], [N_peso_riesgo]) VALUES (21103, 'Tapesco', 211, 0);
INSERT INTO [dbo].[Distrito] ([C_id_distrito], [D_nombre], [C_id_canton], [N_peso_riesgo]) VALUES (21104, 'Guadalupe', 211, 0);
INSERT INTO [dbo].[Distrito] ([C_id_distrito], [D_nombre], [C_id_canton], [N_peso_riesgo]) VALUES (21105, 'Palmira', 211, 0);
INSERT INTO [dbo].[Distrito] ([C_id_distrito], [D_nombre], [C_id_canton], [N_peso_riesgo]) VALUES (21106, 'Zapote', 211, 0);
INSERT INTO [dbo].[Distrito] ([C_id_distrito], [D_nombre], [C_id_canton], [N_peso_riesgo]) VALUES (21107, 'Brisas', 211, 0);
INSERT INTO [dbo].[Distrito] ([C_id_distrito], [D_nombre], [C_id_canton], [N_peso_riesgo]) VALUES (21201, 'Sarchi Norte', 212, 0);
INSERT INTO [dbo].[Distrito] ([C_id_distrito], [D_nombre], [C_id_canton], [N_peso_riesgo]) VALUES (21202, 'Sarchi Sur', 212, 0);
INSERT INTO [dbo].[Distrito] ([C_id_distrito], [D_nombre], [C_id_canton], [N_peso_riesgo]) VALUES (21203, 'Toro Amarillo', 212, 0);
INSERT INTO [dbo].[Distrito] ([C_id_distrito], [D_nombre], [C_id_canton], [N_peso_riesgo]) VALUES (21204, 'San Pedro', 212, 0);
INSERT INTO [dbo].[Distrito] ([C_id_distrito], [D_nombre], [C_id_canton], [N_peso_riesgo]) VALUES (21205, 'Rodriguez', 212, 0);
INSERT INTO [dbo].[Distrito] ([C_id_distrito], [D_nombre], [C_id_canton], [N_peso_riesgo]) VALUES (21301, 'Upala', 213, 0);
INSERT INTO [dbo].[Distrito] ([C_id_distrito], [D_nombre], [C_id_canton], [N_peso_riesgo]) VALUES (21302, 'Aguas Claras', 213, 0);
INSERT INTO [dbo].[Distrito] ([C_id_distrito], [D_nombre], [C_id_canton], [N_peso_riesgo]) VALUES (21303, 'San Jose o Pizote', 213, 0);
INSERT INTO [dbo].[Distrito] ([C_id_distrito], [D_nombre], [C_id_canton], [N_peso_riesgo]) VALUES (21304, 'Bijagua', 213, 0);
INSERT INTO [dbo].[Distrito] ([C_id_distrito], [D_nombre], [C_id_canton], [N_peso_riesgo]) VALUES (21305, 'Delicias', 213, 0);
INSERT INTO [dbo].[Distrito] ([C_id_distrito], [D_nombre], [C_id_canton], [N_peso_riesgo]) VALUES (21306, 'Dos Rios', 213, 0);
INSERT INTO [dbo].[Distrito] ([C_id_distrito], [D_nombre], [C_id_canton], [N_peso_riesgo]) VALUES (21307, 'Yolillal', 213, 0);
INSERT INTO [dbo].[Distrito] ([C_id_distrito], [D_nombre], [C_id_canton], [N_peso_riesgo]) VALUES (21308, 'Canalete', 213, 0);
INSERT INTO [dbo].[Distrito] ([C_id_distrito], [D_nombre], [C_id_canton], [N_peso_riesgo]) VALUES (21401, 'Los Chiles', 214, 0);
INSERT INTO [dbo].[Distrito] ([C_id_distrito], [D_nombre], [C_id_canton], [N_peso_riesgo]) VALUES (21402, 'Cano Negro', 214, 0);
INSERT INTO [dbo].[Distrito] ([C_id_distrito], [D_nombre], [C_id_canton], [N_peso_riesgo]) VALUES (21403, 'El Amparo', 214, 0);
INSERT INTO [dbo].[Distrito] ([C_id_distrito], [D_nombre], [C_id_canton], [N_peso_riesgo]) VALUES (21404, 'San Jorge', 214, 0);
INSERT INTO [dbo].[Distrito] ([C_id_distrito], [D_nombre], [C_id_canton], [N_peso_riesgo]) VALUES (21501, 'San Rafael', 215, 0);
INSERT INTO [dbo].[Distrito] ([C_id_distrito], [D_nombre], [C_id_canton], [N_peso_riesgo]) VALUES (21502, 'Buenavista', 215, 0);
INSERT INTO [dbo].[Distrito] ([C_id_distrito], [D_nombre], [C_id_canton], [N_peso_riesgo]) VALUES (21503, 'Cote', 215, 0);
INSERT INTO [dbo].[Distrito] ([C_id_distrito], [D_nombre], [C_id_canton], [N_peso_riesgo]) VALUES (21504, 'Katira', 215, 0);
INSERT INTO [dbo].[Distrito] ([C_id_distrito], [D_nombre], [C_id_canton], [N_peso_riesgo]) VALUES (21601, 'Rio Cuarto', 216, 0);
INSERT INTO [dbo].[Distrito] ([C_id_distrito], [D_nombre], [C_id_canton], [N_peso_riesgo]) VALUES (30101, 'Oriental', 301, 0);
INSERT INTO [dbo].[Distrito] ([C_id_distrito], [D_nombre], [C_id_canton], [N_peso_riesgo]) VALUES (30102, 'Occidental', 301, 0);
INSERT INTO [dbo].[Distrito] ([C_id_distrito], [D_nombre], [C_id_canton], [N_peso_riesgo]) VALUES (30103, 'Carmen', 301, 0);
INSERT INTO [dbo].[Distrito] ([C_id_distrito], [D_nombre], [C_id_canton], [N_peso_riesgo]) VALUES (30104, 'San Nicolas', 301, 0);
INSERT INTO [dbo].[Distrito] ([C_id_distrito], [D_nombre], [C_id_canton], [N_peso_riesgo]) VALUES (30105, 'Aguacaliente o San Francisco', 301, 0);
INSERT INTO [dbo].[Distrito] ([C_id_distrito], [D_nombre], [C_id_canton], [N_peso_riesgo]) VALUES (30106, 'Guadalupe o Arenilla', 301, 0);
INSERT INTO [dbo].[Distrito] ([C_id_distrito], [D_nombre], [C_id_canton], [N_peso_riesgo]) VALUES (30107, 'Corralillo', 301, 0);
INSERT INTO [dbo].[Distrito] ([C_id_distrito], [D_nombre], [C_id_canton], [N_peso_riesgo]) VALUES (30108, 'Tierra Blanca', 301, 0);
INSERT INTO [dbo].[Distrito] ([C_id_distrito], [D_nombre], [C_id_canton], [N_peso_riesgo]) VALUES (30109, 'Dulce Nombre', 301, 0);
INSERT INTO [dbo].[Distrito] ([C_id_distrito], [D_nombre], [C_id_canton], [N_peso_riesgo]) VALUES (30110, 'Llano Grande', 301, 0);
INSERT INTO [dbo].[Distrito] ([C_id_distrito], [D_nombre], [C_id_canton], [N_peso_riesgo]) VALUES (30111, 'Quebradilla', 301, 0);
INSERT INTO [dbo].[Distrito] ([C_id_distrito], [D_nombre], [C_id_canton], [N_peso_riesgo]) VALUES (30201, 'Paraiso', 302, 0);
INSERT INTO [dbo].[Distrito] ([C_id_distrito], [D_nombre], [C_id_canton], [N_peso_riesgo]) VALUES (30202, 'Santiago', 302, 0);
INSERT INTO [dbo].[Distrito] ([C_id_distrito], [D_nombre], [C_id_canton], [N_peso_riesgo]) VALUES (30203, 'Orosi', 302, 0);
INSERT INTO [dbo].[Distrito] ([C_id_distrito], [D_nombre], [C_id_canton], [N_peso_riesgo]) VALUES (30204, 'Cachi', 302, 0);
INSERT INTO [dbo].[Distrito] ([C_id_distrito], [D_nombre], [C_id_canton], [N_peso_riesgo]) VALUES (30205, 'Llanos de Santa Lucia', 302, 0);
INSERT INTO [dbo].[Distrito] ([C_id_distrito], [D_nombre], [C_id_canton], [N_peso_riesgo]) VALUES (30301, 'Tres Rios', 303, 0);
INSERT INTO [dbo].[Distrito] ([C_id_distrito], [D_nombre], [C_id_canton], [N_peso_riesgo]) VALUES (30302, 'San Diego', 303, 0);
INSERT INTO [dbo].[Distrito] ([C_id_distrito], [D_nombre], [C_id_canton], [N_peso_riesgo]) VALUES (30303, 'San Juan', 303, 0);
INSERT INTO [dbo].[Distrito] ([C_id_distrito], [D_nombre], [C_id_canton], [N_peso_riesgo]) VALUES (30304, 'San Rafael', 303, 0);
INSERT INTO [dbo].[Distrito] ([C_id_distrito], [D_nombre], [C_id_canton], [N_peso_riesgo]) VALUES (30305, 'Concepcion', 303, 0);
INSERT INTO [dbo].[Distrito] ([C_id_distrito], [D_nombre], [C_id_canton], [N_peso_riesgo]) VALUES (30306, 'Dulce Nombre', 303, 0);
INSERT INTO [dbo].[Distrito] ([C_id_distrito], [D_nombre], [C_id_canton], [N_peso_riesgo]) VALUES (30307, 'San Ramon', 303, 0);
INSERT INTO [dbo].[Distrito] ([C_id_distrito], [D_nombre], [C_id_canton], [N_peso_riesgo]) VALUES (30308, 'Rio Azul', 303, 0);
INSERT INTO [dbo].[Distrito] ([C_id_distrito], [D_nombre], [C_id_canton], [N_peso_riesgo]) VALUES (30401, 'Juan Vinas', 304, 0);
INSERT INTO [dbo].[Distrito] ([C_id_distrito], [D_nombre], [C_id_canton], [N_peso_riesgo]) VALUES (30402, 'Tucurrique', 304, 0);
INSERT INTO [dbo].[Distrito] ([C_id_distrito], [D_nombre], [C_id_canton], [N_peso_riesgo]) VALUES (30403, 'Pejibaye', 304, 0);
INSERT INTO [dbo].[Distrito] ([C_id_distrito], [D_nombre], [C_id_canton], [N_peso_riesgo]) VALUES (30501, 'Turrialba', 305, 0);
INSERT INTO [dbo].[Distrito] ([C_id_distrito], [D_nombre], [C_id_canton], [N_peso_riesgo]) VALUES (30502, 'La Suiza', 305, 0);
INSERT INTO [dbo].[Distrito] ([C_id_distrito], [D_nombre], [C_id_canton], [N_peso_riesgo]) VALUES (30503, 'Peralta', 305, 0);
INSERT INTO [dbo].[Distrito] ([C_id_distrito], [D_nombre], [C_id_canton], [N_peso_riesgo]) VALUES (30504, 'Santa Cruz', 305, 0);
INSERT INTO [dbo].[Distrito] ([C_id_distrito], [D_nombre], [C_id_canton], [N_peso_riesgo]) VALUES (30505, 'Santa Teresita', 305, 0);
INSERT INTO [dbo].[Distrito] ([C_id_distrito], [D_nombre], [C_id_canton], [N_peso_riesgo]) VALUES (30506, 'Pavones', 305, 0);
INSERT INTO [dbo].[Distrito] ([C_id_distrito], [D_nombre], [C_id_canton], [N_peso_riesgo]) VALUES (30507, 'Tuis', 305, 0);
INSERT INTO [dbo].[Distrito] ([C_id_distrito], [D_nombre], [C_id_canton], [N_peso_riesgo]) VALUES (30508, 'Tayutic', 305, 0);
INSERT INTO [dbo].[Distrito] ([C_id_distrito], [D_nombre], [C_id_canton], [N_peso_riesgo]) VALUES (30509, 'Santa Rosa', 305, 0);
INSERT INTO [dbo].[Distrito] ([C_id_distrito], [D_nombre], [C_id_canton], [N_peso_riesgo]) VALUES (30510, 'Tres Equis', 305, 0);
INSERT INTO [dbo].[Distrito] ([C_id_distrito], [D_nombre], [C_id_canton], [N_peso_riesgo]) VALUES (30511, 'La Isabel', 305, 0);
INSERT INTO [dbo].[Distrito] ([C_id_distrito], [D_nombre], [C_id_canton], [N_peso_riesgo]) VALUES (30512, 'Chirripo', 305, 0);
INSERT INTO [dbo].[Distrito] ([C_id_distrito], [D_nombre], [C_id_canton], [N_peso_riesgo]) VALUES (30601, 'Pacayas', 306, 0);
INSERT INTO [dbo].[Distrito] ([C_id_distrito], [D_nombre], [C_id_canton], [N_peso_riesgo]) VALUES (30602, 'Cervantes', 306, 0);
INSERT INTO [dbo].[Distrito] ([C_id_distrito], [D_nombre], [C_id_canton], [N_peso_riesgo]) VALUES (30603, 'Capellades', 306, 0);
INSERT INTO [dbo].[Distrito] ([C_id_distrito], [D_nombre], [C_id_canton], [N_peso_riesgo]) VALUES (30701, 'San Rafael', 307, 0);
INSERT INTO [dbo].[Distrito] ([C_id_distrito], [D_nombre], [C_id_canton], [N_peso_riesgo]) VALUES (30702, 'Cot', 307, 0);
INSERT INTO [dbo].[Distrito] ([C_id_distrito], [D_nombre], [C_id_canton], [N_peso_riesgo]) VALUES (30703, 'Potrero Cerrado', 307, 0);
INSERT INTO [dbo].[Distrito] ([C_id_distrito], [D_nombre], [C_id_canton], [N_peso_riesgo]) VALUES (30704, 'Cipreses', 307, 0);
INSERT INTO [dbo].[Distrito] ([C_id_distrito], [D_nombre], [C_id_canton], [N_peso_riesgo]) VALUES (30705, 'Santa Rosa', 307, 0);
INSERT INTO [dbo].[Distrito] ([C_id_distrito], [D_nombre], [C_id_canton], [N_peso_riesgo]) VALUES (30801, 'El Tejar', 308, 0);
INSERT INTO [dbo].[Distrito] ([C_id_distrito], [D_nombre], [C_id_canton], [N_peso_riesgo]) VALUES (30802, 'San Isidro', 308, 0);
INSERT INTO [dbo].[Distrito] ([C_id_distrito], [D_nombre], [C_id_canton], [N_peso_riesgo]) VALUES (30803, 'Tobosi', 308, 0);
INSERT INTO [dbo].[Distrito] ([C_id_distrito], [D_nombre], [C_id_canton], [N_peso_riesgo]) VALUES (30804, 'Patio De Agua', 308, 0);
INSERT INTO [dbo].[Distrito] ([C_id_distrito], [D_nombre], [C_id_canton], [N_peso_riesgo]) VALUES (40101, 'Heredia', 401, 0);
INSERT INTO [dbo].[Distrito] ([C_id_distrito], [D_nombre], [C_id_canton], [N_peso_riesgo]) VALUES (40102, 'Mercedes', 401, 0);
INSERT INTO [dbo].[Distrito] ([C_id_distrito], [D_nombre], [C_id_canton], [N_peso_riesgo]) VALUES (40103, 'San Francisco', 401, 0);
INSERT INTO [dbo].[Distrito] ([C_id_distrito], [D_nombre], [C_id_canton], [N_peso_riesgo]) VALUES (40104, 'Ulloa', 401, 0);
INSERT INTO [dbo].[Distrito] ([C_id_distrito], [D_nombre], [C_id_canton], [N_peso_riesgo]) VALUES (40105, 'Varablanca', 401, 0);
INSERT INTO [dbo].[Distrito] ([C_id_distrito], [D_nombre], [C_id_canton], [N_peso_riesgo]) VALUES (40201, 'Barva', 402, 0);
INSERT INTO [dbo].[Distrito] ([C_id_distrito], [D_nombre], [C_id_canton], [N_peso_riesgo]) VALUES (40202, 'San Pedro', 402, 0);
INSERT INTO [dbo].[Distrito] ([C_id_distrito], [D_nombre], [C_id_canton], [N_peso_riesgo]) VALUES (40203, 'San Pablo', 402, 0);
INSERT INTO [dbo].[Distrito] ([C_id_distrito], [D_nombre], [C_id_canton], [N_peso_riesgo]) VALUES (40204, 'San Roque', 402, 0);
INSERT INTO [dbo].[Distrito] ([C_id_distrito], [D_nombre], [C_id_canton], [N_peso_riesgo]) VALUES (40205, 'Santa Lucia', 402, 0);
INSERT INTO [dbo].[Distrito] ([C_id_distrito], [D_nombre], [C_id_canton], [N_peso_riesgo]) VALUES (40206, 'San Jose de la Montana', 402, 0);
INSERT INTO [dbo].[Distrito] ([C_id_distrito], [D_nombre], [C_id_canton], [N_peso_riesgo]) VALUES (40301, 'Santo Domingo', 403, 0);
INSERT INTO [dbo].[Distrito] ([C_id_distrito], [D_nombre], [C_id_canton], [N_peso_riesgo]) VALUES (40302, 'San Vicente', 403, 0);
INSERT INTO [dbo].[Distrito] ([C_id_distrito], [D_nombre], [C_id_canton], [N_peso_riesgo]) VALUES (40303, 'San Miguel', 403, 0);
INSERT INTO [dbo].[Distrito] ([C_id_distrito], [D_nombre], [C_id_canton], [N_peso_riesgo]) VALUES (40304, 'Paracito', 403, 0);
INSERT INTO [dbo].[Distrito] ([C_id_distrito], [D_nombre], [C_id_canton], [N_peso_riesgo]) VALUES (40305, 'Santo Tomas', 403, 0);
INSERT INTO [dbo].[Distrito] ([C_id_distrito], [D_nombre], [C_id_canton], [N_peso_riesgo]) VALUES (40306, 'Santa Rosa', 403, 0);
INSERT INTO [dbo].[Distrito] ([C_id_distrito], [D_nombre], [C_id_canton], [N_peso_riesgo]) VALUES (40307, 'Tures', 403, 0);
INSERT INTO [dbo].[Distrito] ([C_id_distrito], [D_nombre], [C_id_canton], [N_peso_riesgo]) VALUES (40308, 'Para', 403, 0);
INSERT INTO [dbo].[Distrito] ([C_id_distrito], [D_nombre], [C_id_canton], [N_peso_riesgo]) VALUES (40401, 'Santa Barbara', 404, 0);
INSERT INTO [dbo].[Distrito] ([C_id_distrito], [D_nombre], [C_id_canton], [N_peso_riesgo]) VALUES (40402, 'San Pedro', 404, 0);
INSERT INTO [dbo].[Distrito] ([C_id_distrito], [D_nombre], [C_id_canton], [N_peso_riesgo]) VALUES (40403, 'San Juan', 404, 0);
INSERT INTO [dbo].[Distrito] ([C_id_distrito], [D_nombre], [C_id_canton], [N_peso_riesgo]) VALUES (40404, 'Jesus', 404, 0);
INSERT INTO [dbo].[Distrito] ([C_id_distrito], [D_nombre], [C_id_canton], [N_peso_riesgo]) VALUES (40405, 'Santo Domingo', 404, 0);
INSERT INTO [dbo].[Distrito] ([C_id_distrito], [D_nombre], [C_id_canton], [N_peso_riesgo]) VALUES (40406, 'Puraba', 404, 0);
INSERT INTO [dbo].[Distrito] ([C_id_distrito], [D_nombre], [C_id_canton], [N_peso_riesgo]) VALUES (40501, 'San Rafael', 405, 0);
INSERT INTO [dbo].[Distrito] ([C_id_distrito], [D_nombre], [C_id_canton], [N_peso_riesgo]) VALUES (40502, 'San Josecito', 405, 0);
INSERT INTO [dbo].[Distrito] ([C_id_distrito], [D_nombre], [C_id_canton], [N_peso_riesgo]) VALUES (40503, 'Santiago', 405, 0);
INSERT INTO [dbo].[Distrito] ([C_id_distrito], [D_nombre], [C_id_canton], [N_peso_riesgo]) VALUES (40504, 'Los Angeles', 405, 0);
INSERT INTO [dbo].[Distrito] ([C_id_distrito], [D_nombre], [C_id_canton], [N_peso_riesgo]) VALUES (40505, 'Concepcion', 405, 0);
INSERT INTO [dbo].[Distrito] ([C_id_distrito], [D_nombre], [C_id_canton], [N_peso_riesgo]) VALUES (40601, 'San Isidro', 406, 0);
INSERT INTO [dbo].[Distrito] ([C_id_distrito], [D_nombre], [C_id_canton], [N_peso_riesgo]) VALUES (40602, 'San Jose', 406, 0);
INSERT INTO [dbo].[Distrito] ([C_id_distrito], [D_nombre], [C_id_canton], [N_peso_riesgo]) VALUES (40603, 'Concepcion', 406, 0);
INSERT INTO [dbo].[Distrito] ([C_id_distrito], [D_nombre], [C_id_canton], [N_peso_riesgo]) VALUES (40604, 'San Francisco', 406, 0);
INSERT INTO [dbo].[Distrito] ([C_id_distrito], [D_nombre], [C_id_canton], [N_peso_riesgo]) VALUES (40701, 'San Antonio', 407, 0);
INSERT INTO [dbo].[Distrito] ([C_id_distrito], [D_nombre], [C_id_canton], [N_peso_riesgo]) VALUES (40702, 'La Ribera', 407, 0);
INSERT INTO [dbo].[Distrito] ([C_id_distrito], [D_nombre], [C_id_canton], [N_peso_riesgo]) VALUES (40703, 'La Asuncion', 407, 0);
INSERT INTO [dbo].[Distrito] ([C_id_distrito], [D_nombre], [C_id_canton], [N_peso_riesgo]) VALUES (40801, 'San Joaquin', 408, 0);
INSERT INTO [dbo].[Distrito] ([C_id_distrito], [D_nombre], [C_id_canton], [N_peso_riesgo]) VALUES (40802, 'Barrantes', 408, 0);
INSERT INTO [dbo].[Distrito] ([C_id_distrito], [D_nombre], [C_id_canton], [N_peso_riesgo]) VALUES (40803, 'Llorente', 408, 0);
INSERT INTO [dbo].[Distrito] ([C_id_distrito], [D_nombre], [C_id_canton], [N_peso_riesgo]) VALUES (40901, 'San Pablo', 409, 0);
INSERT INTO [dbo].[Distrito] ([C_id_distrito], [D_nombre], [C_id_canton], [N_peso_riesgo]) VALUES (40902, 'Rincon De Sabanilla', 409, 0);
INSERT INTO [dbo].[Distrito] ([C_id_distrito], [D_nombre], [C_id_canton], [N_peso_riesgo]) VALUES (41001, 'Puerto Viejo', 410, 0);
INSERT INTO [dbo].[Distrito] ([C_id_distrito], [D_nombre], [C_id_canton], [N_peso_riesgo]) VALUES (41002, 'La Virgen', 410, 0);
INSERT INTO [dbo].[Distrito] ([C_id_distrito], [D_nombre], [C_id_canton], [N_peso_riesgo]) VALUES (41003, 'Las Horquetas', 410, 0);
INSERT INTO [dbo].[Distrito] ([C_id_distrito], [D_nombre], [C_id_canton], [N_peso_riesgo]) VALUES (41004, 'Llanuras Del Gaspar', 410, 0);
INSERT INTO [dbo].[Distrito] ([C_id_distrito], [D_nombre], [C_id_canton], [N_peso_riesgo]) VALUES (41005, 'Curena', 410, 0);
INSERT INTO [dbo].[Distrito] ([C_id_distrito], [D_nombre], [C_id_canton], [N_peso_riesgo]) VALUES (50101, 'Liberia', 501, 0);
INSERT INTO [dbo].[Distrito] ([C_id_distrito], [D_nombre], [C_id_canton], [N_peso_riesgo]) VALUES (50102, 'Canas Dulces', 501, 0);
INSERT INTO [dbo].[Distrito] ([C_id_distrito], [D_nombre], [C_id_canton], [N_peso_riesgo]) VALUES (50103, 'Mayorga', 501, 0);
INSERT INTO [dbo].[Distrito] ([C_id_distrito], [D_nombre], [C_id_canton], [N_peso_riesgo]) VALUES (50104, 'Nacascolo', 501, 0);
INSERT INTO [dbo].[Distrito] ([C_id_distrito], [D_nombre], [C_id_canton], [N_peso_riesgo]) VALUES (50105, 'Curubande', 501, 0);
INSERT INTO [dbo].[Distrito] ([C_id_distrito], [D_nombre], [C_id_canton], [N_peso_riesgo]) VALUES (50201, 'Nicoya', 502, 0);
INSERT INTO [dbo].[Distrito] ([C_id_distrito], [D_nombre], [C_id_canton], [N_peso_riesgo]) VALUES (50202, 'Mansion', 502, 0);
INSERT INTO [dbo].[Distrito] ([C_id_distrito], [D_nombre], [C_id_canton], [N_peso_riesgo]) VALUES (50203, 'San Antonio', 502, 0);
INSERT INTO [dbo].[Distrito] ([C_id_distrito], [D_nombre], [C_id_canton], [N_peso_riesgo]) VALUES (50204, 'Quebrada Honda', 502, 0);
INSERT INTO [dbo].[Distrito] ([C_id_distrito], [D_nombre], [C_id_canton], [N_peso_riesgo]) VALUES (50205, 'Samara', 502, 0);
INSERT INTO [dbo].[Distrito] ([C_id_distrito], [D_nombre], [C_id_canton], [N_peso_riesgo]) VALUES (50206, 'Nosara', 502, 0);
INSERT INTO [dbo].[Distrito] ([C_id_distrito], [D_nombre], [C_id_canton], [N_peso_riesgo]) VALUES (50207, 'Belen De Nosarita', 502, 0);
INSERT INTO [dbo].[Distrito] ([C_id_distrito], [D_nombre], [C_id_canton], [N_peso_riesgo]) VALUES (50301, 'Santa Cruz', 503, 0);
INSERT INTO [dbo].[Distrito] ([C_id_distrito], [D_nombre], [C_id_canton], [N_peso_riesgo]) VALUES (50302, 'Bolson', 503, 0);
INSERT INTO [dbo].[Distrito] ([C_id_distrito], [D_nombre], [C_id_canton], [N_peso_riesgo]) VALUES (50303, 'Veintisiete de Abril', 503, 0);
INSERT INTO [dbo].[Distrito] ([C_id_distrito], [D_nombre], [C_id_canton], [N_peso_riesgo]) VALUES (50304, 'Tempate', 503, 0);
INSERT INTO [dbo].[Distrito] ([C_id_distrito], [D_nombre], [C_id_canton], [N_peso_riesgo]) VALUES (50305, 'Cartagena', 503, 0);
INSERT INTO [dbo].[Distrito] ([C_id_distrito], [D_nombre], [C_id_canton], [N_peso_riesgo]) VALUES (50306, 'Cuajiniquil', 503, 0);
INSERT INTO [dbo].[Distrito] ([C_id_distrito], [D_nombre], [C_id_canton], [N_peso_riesgo]) VALUES (50307, 'Diria', 503, 0);
INSERT INTO [dbo].[Distrito] ([C_id_distrito], [D_nombre], [C_id_canton], [N_peso_riesgo]) VALUES (50308, 'Cabo Velas', 503, 0);
INSERT INTO [dbo].[Distrito] ([C_id_distrito], [D_nombre], [C_id_canton], [N_peso_riesgo]) VALUES (50309, 'Tamarindo', 503, 0);
INSERT INTO [dbo].[Distrito] ([C_id_distrito], [D_nombre], [C_id_canton], [N_peso_riesgo]) VALUES (50401, 'Bagaces', 504, 0);
INSERT INTO [dbo].[Distrito] ([C_id_distrito], [D_nombre], [C_id_canton], [N_peso_riesgo]) VALUES (50402, 'La Fortuna', 504, 0);
INSERT INTO [dbo].[Distrito] ([C_id_distrito], [D_nombre], [C_id_canton], [N_peso_riesgo]) VALUES (50403, 'Mogote', 504, 0);
INSERT INTO [dbo].[Distrito] ([C_id_distrito], [D_nombre], [C_id_canton], [N_peso_riesgo]) VALUES (50404, 'Rio Naranjo', 504, 0);
INSERT INTO [dbo].[Distrito] ([C_id_distrito], [D_nombre], [C_id_canton], [N_peso_riesgo]) VALUES (50501, 'Filadelfia', 505, 0);
INSERT INTO [dbo].[Distrito] ([C_id_distrito], [D_nombre], [C_id_canton], [N_peso_riesgo]) VALUES (50502, 'Palmira', 505, 0);
INSERT INTO [dbo].[Distrito] ([C_id_distrito], [D_nombre], [C_id_canton], [N_peso_riesgo]) VALUES (50503, 'Sardinal', 505, 0);
INSERT INTO [dbo].[Distrito] ([C_id_distrito], [D_nombre], [C_id_canton], [N_peso_riesgo]) VALUES (50504, 'Belen', 505, 0);
INSERT INTO [dbo].[Distrito] ([C_id_distrito], [D_nombre], [C_id_canton], [N_peso_riesgo]) VALUES (50601, 'Canas', 506, 0);
INSERT INTO [dbo].[Distrito] ([C_id_distrito], [D_nombre], [C_id_canton], [N_peso_riesgo]) VALUES (50602, 'Palmira', 506, 0);
INSERT INTO [dbo].[Distrito] ([C_id_distrito], [D_nombre], [C_id_canton], [N_peso_riesgo]) VALUES (50603, 'San Miguel', 506, 0);
INSERT INTO [dbo].[Distrito] ([C_id_distrito], [D_nombre], [C_id_canton], [N_peso_riesgo]) VALUES (50604, 'Bebedero', 506, 0);
INSERT INTO [dbo].[Distrito] ([C_id_distrito], [D_nombre], [C_id_canton], [N_peso_riesgo]) VALUES (50605, 'Porozal', 506, 0);
INSERT INTO [dbo].[Distrito] ([C_id_distrito], [D_nombre], [C_id_canton], [N_peso_riesgo]) VALUES (50701, 'Las Juntas', 507, 0);
INSERT INTO [dbo].[Distrito] ([C_id_distrito], [D_nombre], [C_id_canton], [N_peso_riesgo]) VALUES (50702, 'Sierra', 507, 0);
INSERT INTO [dbo].[Distrito] ([C_id_distrito], [D_nombre], [C_id_canton], [N_peso_riesgo]) VALUES (50703, 'San Juan', 507, 0);
INSERT INTO [dbo].[Distrito] ([C_id_distrito], [D_nombre], [C_id_canton], [N_peso_riesgo]) VALUES (50704, 'Colorado', 507, 0);
INSERT INTO [dbo].[Distrito] ([C_id_distrito], [D_nombre], [C_id_canton], [N_peso_riesgo]) VALUES (50801, 'Tilaran', 508, 0);
INSERT INTO [dbo].[Distrito] ([C_id_distrito], [D_nombre], [C_id_canton], [N_peso_riesgo]) VALUES (50802, 'Quebrada Grande', 508, 0);
INSERT INTO [dbo].[Distrito] ([C_id_distrito], [D_nombre], [C_id_canton], [N_peso_riesgo]) VALUES (50803, 'Tronadora', 508, 0);
INSERT INTO [dbo].[Distrito] ([C_id_distrito], [D_nombre], [C_id_canton], [N_peso_riesgo]) VALUES (50804, 'Santa Rosa', 508, 0);
INSERT INTO [dbo].[Distrito] ([C_id_distrito], [D_nombre], [C_id_canton], [N_peso_riesgo]) VALUES (50805, 'Libano', 508, 0);
INSERT INTO [dbo].[Distrito] ([C_id_distrito], [D_nombre], [C_id_canton], [N_peso_riesgo]) VALUES (50806, 'Tierras Morenas', 508, 0);
INSERT INTO [dbo].[Distrito] ([C_id_distrito], [D_nombre], [C_id_canton], [N_peso_riesgo]) VALUES (50807, 'Arenal', 508, 0);
INSERT INTO [dbo].[Distrito] ([C_id_distrito], [D_nombre], [C_id_canton], [N_peso_riesgo]) VALUES (50901, 'Carmona', 509, 0);
INSERT INTO [dbo].[Distrito] ([C_id_distrito], [D_nombre], [C_id_canton], [N_peso_riesgo]) VALUES (50902, 'Santa Rita', 509, 0);
INSERT INTO [dbo].[Distrito] ([C_id_distrito], [D_nombre], [C_id_canton], [N_peso_riesgo]) VALUES (50903, 'Zapotal', 509, 0);
INSERT INTO [dbo].[Distrito] ([C_id_distrito], [D_nombre], [C_id_canton], [N_peso_riesgo]) VALUES (50904, 'San Pablo', 509, 0);
INSERT INTO [dbo].[Distrito] ([C_id_distrito], [D_nombre], [C_id_canton], [N_peso_riesgo]) VALUES (50905, 'Porvenir', 509, 0);
INSERT INTO [dbo].[Distrito] ([C_id_distrito], [D_nombre], [C_id_canton], [N_peso_riesgo]) VALUES (50906, 'Bejuco', 509, 0);
INSERT INTO [dbo].[Distrito] ([C_id_distrito], [D_nombre], [C_id_canton], [N_peso_riesgo]) VALUES (51001, 'La Cruz', 510, 0);
INSERT INTO [dbo].[Distrito] ([C_id_distrito], [D_nombre], [C_id_canton], [N_peso_riesgo]) VALUES (51002, 'Santa Cecilia', 510, 0);
INSERT INTO [dbo].[Distrito] ([C_id_distrito], [D_nombre], [C_id_canton], [N_peso_riesgo]) VALUES (51003, 'La Garita', 510, 0);
INSERT INTO [dbo].[Distrito] ([C_id_distrito], [D_nombre], [C_id_canton], [N_peso_riesgo]) VALUES (51004, 'Santa Elena', 510, 0);
INSERT INTO [dbo].[Distrito] ([C_id_distrito], [D_nombre], [C_id_canton], [N_peso_riesgo]) VALUES (51101, 'Hojancha', 511, 0);
INSERT INTO [dbo].[Distrito] ([C_id_distrito], [D_nombre], [C_id_canton], [N_peso_riesgo]) VALUES (51102, 'Monte Romo', 511, 0);
INSERT INTO [dbo].[Distrito] ([C_id_distrito], [D_nombre], [C_id_canton], [N_peso_riesgo]) VALUES (51103, 'Puerto Carrillo', 511, 0);
INSERT INTO [dbo].[Distrito] ([C_id_distrito], [D_nombre], [C_id_canton], [N_peso_riesgo]) VALUES (51104, 'Huacas', 511, 0);
INSERT INTO [dbo].[Distrito] ([C_id_distrito], [D_nombre], [C_id_canton], [N_peso_riesgo]) VALUES (60101, 'Puntarenas', 601, 0);
INSERT INTO [dbo].[Distrito] ([C_id_distrito], [D_nombre], [C_id_canton], [N_peso_riesgo]) VALUES (60102, 'Pitahaya', 601, 0);
INSERT INTO [dbo].[Distrito] ([C_id_distrito], [D_nombre], [C_id_canton], [N_peso_riesgo]) VALUES (60103, 'Chomes', 601, 0);
INSERT INTO [dbo].[Distrito] ([C_id_distrito], [D_nombre], [C_id_canton], [N_peso_riesgo]) VALUES (60104, 'Lepanto', 601, 0);
INSERT INTO [dbo].[Distrito] ([C_id_distrito], [D_nombre], [C_id_canton], [N_peso_riesgo]) VALUES (60105, 'Paquera', 601, 0);
INSERT INTO [dbo].[Distrito] ([C_id_distrito], [D_nombre], [C_id_canton], [N_peso_riesgo]) VALUES (60106, 'Manzanillo', 601, 0);
INSERT INTO [dbo].[Distrito] ([C_id_distrito], [D_nombre], [C_id_canton], [N_peso_riesgo]) VALUES (60107, 'Guacimal', 601, 0);
INSERT INTO [dbo].[Distrito] ([C_id_distrito], [D_nombre], [C_id_canton], [N_peso_riesgo]) VALUES (60108, 'Barranca', 601, 0);
INSERT INTO [dbo].[Distrito] ([C_id_distrito], [D_nombre], [C_id_canton], [N_peso_riesgo]) VALUES (60109, 'Monte Verde', 601, 0);
INSERT INTO [dbo].[Distrito] ([C_id_distrito], [D_nombre], [C_id_canton], [N_peso_riesgo]) VALUES (60110, 'Isla Del Coco', 601, 0);
INSERT INTO [dbo].[Distrito] ([C_id_distrito], [D_nombre], [C_id_canton], [N_peso_riesgo]) VALUES (60111, 'Cobano', 601, 0);
INSERT INTO [dbo].[Distrito] ([C_id_distrito], [D_nombre], [C_id_canton], [N_peso_riesgo]) VALUES (60112, 'Chacarita', 601, 0);
INSERT INTO [dbo].[Distrito] ([C_id_distrito], [D_nombre], [C_id_canton], [N_peso_riesgo]) VALUES (60113, 'Chira', 601, 0);
INSERT INTO [dbo].[Distrito] ([C_id_distrito], [D_nombre], [C_id_canton], [N_peso_riesgo]) VALUES (60114, 'Acapulco', 601, 0);
INSERT INTO [dbo].[Distrito] ([C_id_distrito], [D_nombre], [C_id_canton], [N_peso_riesgo]) VALUES (60115, 'El Roble', 601, 0);
INSERT INTO [dbo].[Distrito] ([C_id_distrito], [D_nombre], [C_id_canton], [N_peso_riesgo]) VALUES (60116, 'Arancibia', 601, 0);
INSERT INTO [dbo].[Distrito] ([C_id_distrito], [D_nombre], [C_id_canton], [N_peso_riesgo]) VALUES (60201, 'Espiritu Santo', 602, 0);
INSERT INTO [dbo].[Distrito] ([C_id_distrito], [D_nombre], [C_id_canton], [N_peso_riesgo]) VALUES (60202, 'San Juan Grande', 602, 0);
INSERT INTO [dbo].[Distrito] ([C_id_distrito], [D_nombre], [C_id_canton], [N_peso_riesgo]) VALUES (60203, 'Macacona', 602, 0);
INSERT INTO [dbo].[Distrito] ([C_id_distrito], [D_nombre], [C_id_canton], [N_peso_riesgo]) VALUES (60204, 'San Rafael', 602, 0);
INSERT INTO [dbo].[Distrito] ([C_id_distrito], [D_nombre], [C_id_canton], [N_peso_riesgo]) VALUES (60205, 'San Jeronimo', 602, 0);
INSERT INTO [dbo].[Distrito] ([C_id_distrito], [D_nombre], [C_id_canton], [N_peso_riesgo]) VALUES (60301, 'Buenos Aires', 603, 0);
INSERT INTO [dbo].[Distrito] ([C_id_distrito], [D_nombre], [C_id_canton], [N_peso_riesgo]) VALUES (60302, 'Volcan', 603, 0);
INSERT INTO [dbo].[Distrito] ([C_id_distrito], [D_nombre], [C_id_canton], [N_peso_riesgo]) VALUES (60303, 'Potrero Grande', 603, 0);
INSERT INTO [dbo].[Distrito] ([C_id_distrito], [D_nombre], [C_id_canton], [N_peso_riesgo]) VALUES (60304, 'Boruca', 603, 0);
INSERT INTO [dbo].[Distrito] ([C_id_distrito], [D_nombre], [C_id_canton], [N_peso_riesgo]) VALUES (60305, 'Pilas', 603, 0);
INSERT INTO [dbo].[Distrito] ([C_id_distrito], [D_nombre], [C_id_canton], [N_peso_riesgo]) VALUES (60306, 'Colinas', 603, 0);
INSERT INTO [dbo].[Distrito] ([C_id_distrito], [D_nombre], [C_id_canton], [N_peso_riesgo]) VALUES (60307, 'Changuena', 603, 0);
INSERT INTO [dbo].[Distrito] ([C_id_distrito], [D_nombre], [C_id_canton], [N_peso_riesgo]) VALUES (60308, 'Biolley', 603, 0);
INSERT INTO [dbo].[Distrito] ([C_id_distrito], [D_nombre], [C_id_canton], [N_peso_riesgo]) VALUES (60309, 'Brunka', 603, 0);
INSERT INTO [dbo].[Distrito] ([C_id_distrito], [D_nombre], [C_id_canton], [N_peso_riesgo]) VALUES (60401, 'Miramar', 604, 0);
INSERT INTO [dbo].[Distrito] ([C_id_distrito], [D_nombre], [C_id_canton], [N_peso_riesgo]) VALUES (60402, 'La Union', 604, 0);
INSERT INTO [dbo].[Distrito] ([C_id_distrito], [D_nombre], [C_id_canton], [N_peso_riesgo]) VALUES (60403, 'San Isidro', 604, 0);
INSERT INTO [dbo].[Distrito] ([C_id_distrito], [D_nombre], [C_id_canton], [N_peso_riesgo]) VALUES (60501, 'Puerto Cortes', 605, 0);
INSERT INTO [dbo].[Distrito] ([C_id_distrito], [D_nombre], [C_id_canton], [N_peso_riesgo]) VALUES (60502, 'Palmar', 605, 0);
INSERT INTO [dbo].[Distrito] ([C_id_distrito], [D_nombre], [C_id_canton], [N_peso_riesgo]) VALUES (60503, 'Sierpe', 605, 0);
INSERT INTO [dbo].[Distrito] ([C_id_distrito], [D_nombre], [C_id_canton], [N_peso_riesgo]) VALUES (60504, 'Bahia Ballena', 605, 0);
INSERT INTO [dbo].[Distrito] ([C_id_distrito], [D_nombre], [C_id_canton], [N_peso_riesgo]) VALUES (60505, 'Piedras Blancas', 605, 0);
INSERT INTO [dbo].[Distrito] ([C_id_distrito], [D_nombre], [C_id_canton], [N_peso_riesgo]) VALUES (60506, 'Bahia Drake', 605, 0);
INSERT INTO [dbo].[Distrito] ([C_id_distrito], [D_nombre], [C_id_canton], [N_peso_riesgo]) VALUES (60601, 'Quepos', 606, 0);
INSERT INTO [dbo].[Distrito] ([C_id_distrito], [D_nombre], [C_id_canton], [N_peso_riesgo]) VALUES (60602, 'Savegre', 606, 0);
INSERT INTO [dbo].[Distrito] ([C_id_distrito], [D_nombre], [C_id_canton], [N_peso_riesgo]) VALUES (60603, 'Naranjito', 606, 0);
INSERT INTO [dbo].[Distrito] ([C_id_distrito], [D_nombre], [C_id_canton], [N_peso_riesgo]) VALUES (60701, 'Golfito', 607, 0);
INSERT INTO [dbo].[Distrito] ([C_id_distrito], [D_nombre], [C_id_canton], [N_peso_riesgo]) VALUES (60702, 'Puerto Jimenez', 607, 0);
INSERT INTO [dbo].[Distrito] ([C_id_distrito], [D_nombre], [C_id_canton], [N_peso_riesgo]) VALUES (60703, 'Guaycara', 607, 0);
INSERT INTO [dbo].[Distrito] ([C_id_distrito], [D_nombre], [C_id_canton], [N_peso_riesgo]) VALUES (60704, 'Pavon', 607, 0);
INSERT INTO [dbo].[Distrito] ([C_id_distrito], [D_nombre], [C_id_canton], [N_peso_riesgo]) VALUES (60801, 'San Vito', 608, 0);
INSERT INTO [dbo].[Distrito] ([C_id_distrito], [D_nombre], [C_id_canton], [N_peso_riesgo]) VALUES (60802, 'Sabalito', 608, 0);
INSERT INTO [dbo].[Distrito] ([C_id_distrito], [D_nombre], [C_id_canton], [N_peso_riesgo]) VALUES (60803, 'Aguabuena', 608, 0);
INSERT INTO [dbo].[Distrito] ([C_id_distrito], [D_nombre], [C_id_canton], [N_peso_riesgo]) VALUES (60804, 'Limoncito', 608, 0);
INSERT INTO [dbo].[Distrito] ([C_id_distrito], [D_nombre], [C_id_canton], [N_peso_riesgo]) VALUES (60805, 'Pittier', 608, 0);
INSERT INTO [dbo].[Distrito] ([C_id_distrito], [D_nombre], [C_id_canton], [N_peso_riesgo]) VALUES (60901, 'Parrita', 609, 0);
INSERT INTO [dbo].[Distrito] ([C_id_distrito], [D_nombre], [C_id_canton], [N_peso_riesgo]) VALUES (61001, 'Corredor', 610, 0);
INSERT INTO [dbo].[Distrito] ([C_id_distrito], [D_nombre], [C_id_canton], [N_peso_riesgo]) VALUES (61002, 'La Cuesta', 610, 0);
INSERT INTO [dbo].[Distrito] ([C_id_distrito], [D_nombre], [C_id_canton], [N_peso_riesgo]) VALUES (61003, 'Canoas', 610, 0);
INSERT INTO [dbo].[Distrito] ([C_id_distrito], [D_nombre], [C_id_canton], [N_peso_riesgo]) VALUES (61004, 'Laurel', 610, 0);
INSERT INTO [dbo].[Distrito] ([C_id_distrito], [D_nombre], [C_id_canton], [N_peso_riesgo]) VALUES (61101, 'Jaco', 611, 0);
INSERT INTO [dbo].[Distrito] ([C_id_distrito], [D_nombre], [C_id_canton], [N_peso_riesgo]) VALUES (61102, 'Tarcoles', 611, 0);
INSERT INTO [dbo].[Distrito] ([C_id_distrito], [D_nombre], [C_id_canton], [N_peso_riesgo]) VALUES (70101, 'Limon', 701, 0);
INSERT INTO [dbo].[Distrito] ([C_id_distrito], [D_nombre], [C_id_canton], [N_peso_riesgo]) VALUES (70102, 'Valle La Estrella', 701, 0);
INSERT INTO [dbo].[Distrito] ([C_id_distrito], [D_nombre], [C_id_canton], [N_peso_riesgo]) VALUES (70103, 'Rio Blanco', 701, 0);
INSERT INTO [dbo].[Distrito] ([C_id_distrito], [D_nombre], [C_id_canton], [N_peso_riesgo]) VALUES (70104, 'Matama', 701, 0);
INSERT INTO [dbo].[Distrito] ([C_id_distrito], [D_nombre], [C_id_canton], [N_peso_riesgo]) VALUES (70201, 'Guapiles', 702, 0);
INSERT INTO [dbo].[Distrito] ([C_id_distrito], [D_nombre], [C_id_canton], [N_peso_riesgo]) VALUES (70202, 'Jimenez', 702, 0);
INSERT INTO [dbo].[Distrito] ([C_id_distrito], [D_nombre], [C_id_canton], [N_peso_riesgo]) VALUES (70203, 'Rita', 702, 0);
INSERT INTO [dbo].[Distrito] ([C_id_distrito], [D_nombre], [C_id_canton], [N_peso_riesgo]) VALUES (70204, 'Roxana', 702, 0);
INSERT INTO [dbo].[Distrito] ([C_id_distrito], [D_nombre], [C_id_canton], [N_peso_riesgo]) VALUES (70205, 'Cariari', 702, 0);
INSERT INTO [dbo].[Distrito] ([C_id_distrito], [D_nombre], [C_id_canton], [N_peso_riesgo]) VALUES (70206, 'Colorado', 702, 0);
INSERT INTO [dbo].[Distrito] ([C_id_distrito], [D_nombre], [C_id_canton], [N_peso_riesgo]) VALUES (70207, 'La Colonia', 702, 0);
INSERT INTO [dbo].[Distrito] ([C_id_distrito], [D_nombre], [C_id_canton], [N_peso_riesgo]) VALUES (70301, 'Siquirres', 703, 0);
INSERT INTO [dbo].[Distrito] ([C_id_distrito], [D_nombre], [C_id_canton], [N_peso_riesgo]) VALUES (70302, 'Pacuarito', 703, 0);
INSERT INTO [dbo].[Distrito] ([C_id_distrito], [D_nombre], [C_id_canton], [N_peso_riesgo]) VALUES (70303, 'Florida', 703, 0);
INSERT INTO [dbo].[Distrito] ([C_id_distrito], [D_nombre], [C_id_canton], [N_peso_riesgo]) VALUES (70304, 'Germania', 703, 0);
INSERT INTO [dbo].[Distrito] ([C_id_distrito], [D_nombre], [C_id_canton], [N_peso_riesgo]) VALUES (70305, 'El Cairo', 703, 0);
INSERT INTO [dbo].[Distrito] ([C_id_distrito], [D_nombre], [C_id_canton], [N_peso_riesgo]) VALUES (70306, 'Alegria', 703, 0);
INSERT INTO [dbo].[Distrito] ([C_id_distrito], [D_nombre], [C_id_canton], [N_peso_riesgo]) VALUES (70401, 'Bratsi', 704, 0);
INSERT INTO [dbo].[Distrito] ([C_id_distrito], [D_nombre], [C_id_canton], [N_peso_riesgo]) VALUES (70402, 'Sixaola', 704, 0);
INSERT INTO [dbo].[Distrito] ([C_id_distrito], [D_nombre], [C_id_canton], [N_peso_riesgo]) VALUES (70403, 'Cahuita', 704, 0);
INSERT INTO [dbo].[Distrito] ([C_id_distrito], [D_nombre], [C_id_canton], [N_peso_riesgo]) VALUES (70404, 'Telire', 704, 0);
INSERT INTO [dbo].[Distrito] ([C_id_distrito], [D_nombre], [C_id_canton], [N_peso_riesgo]) VALUES (70501, 'Matina', 705, 0);
INSERT INTO [dbo].[Distrito] ([C_id_distrito], [D_nombre], [C_id_canton], [N_peso_riesgo]) VALUES (70502, 'Batan', 705, 0);
INSERT INTO [dbo].[Distrito] ([C_id_distrito], [D_nombre], [C_id_canton], [N_peso_riesgo]) VALUES (70503, 'Carrandi', 705, 0);
INSERT INTO [dbo].[Distrito] ([C_id_distrito], [D_nombre], [C_id_canton], [N_peso_riesgo]) VALUES (70601, 'Guacimo', 706, 0);
INSERT INTO [dbo].[Distrito] ([C_id_distrito], [D_nombre], [C_id_canton], [N_peso_riesgo]) VALUES (70602, 'Mercedes', 706, 0);
INSERT INTO [dbo].[Distrito] ([C_id_distrito], [D_nombre], [C_id_canton], [N_peso_riesgo]) VALUES (70603, 'Pocora', 706, 0);
INSERT INTO [dbo].[Distrito] ([C_id_distrito], [D_nombre], [C_id_canton], [N_peso_riesgo]) VALUES (70604, 'Rio Jimenez', 706, 0);
INSERT INTO [dbo].[Distrito] ([C_id_distrito], [D_nombre], [C_id_canton], [N_peso_riesgo]) VALUES (70605, 'Duacari', 706, 0);

GO

